id,name,description,descriptionPreview,descriptionHash,descriptionLength,tableRefId,columnRefId,source,language,domainName
BD_CDN_TEST_TABLE_CDN_FORMYPLATNWALUTY,CDN.FormyPlatnWaluty,"Tabela ""CDN.FormyPlatnWaluty"" w domenie Finanse-Księgowość. Definicje walut i kursów wymiany.","Tabela ""CDN.FormyPlatnWaluty"" w domenie Finanse-Księgowość. Definicje walut i kursów wymiany.",db5ca3ccba699563ae93cea41d50f7a6a7073ca52b35210beba377df454f58fa,93,CDN_TEST:TABLE:CDN.FormyPlatnWaluty,,heuristic,pl,GENERAL_ERP
BD_CDN_TEST_TABLE_CDN_AUTOEWID,CDN.AutoEwid,"Tabela ""CDN.AutoEwid"" w domenie Ogólne. Tabela systemowa.","Tabela ""CDN.AutoEwid"" w domenie Ogólne. Tabela systemowa.",a0ae4c58aa57a6dd6a8b681ac9a6177f876d01c1ce670dad05fff3cbb1dafd5f,57,CDN_TEST:TABLE:CDN.AutoEwid,,heuristic,pl,GENERAL_ERP
BD_CDN_TEST_TABLE_CDN_DANEBINARNELINKI,CDN.DaneBinarneLinki,"Tabela ""CDN.DaneBinarneLinki"" w domenie Ogólne. Tabela systemowa.","Tabela ""CDN.DaneBinarneLinki"" w domenie Ogólne. Tabela systemowa.",00612ba6885cc08c66573bafcb523b34d052654207105c3a8957466f90a765c0,65,CDN_TEST:TABLE:CDN.DaneBinarneLinki,,heuristic,pl,GENERAL_ERP
BD_CDN_TEST_TABLE_CDN_DOKNAGETAPYKOLEJNE,CDN.DokNagEtapyKolejne,"Tabela ""CDN.DokNagEtapyKolejne"" w domenie Ogólne. Tabela systemowa.","Tabela ""CDN.DokNagEtapyKolejne"" w domenie Ogólne. Tabela systemowa.",c4e3d8d07cc033c77693eeabf1d1c7623a3cc5e62c28aecf748374a8838b3ded,67,CDN_TEST:TABLE:CDN.DokNagEtapyKolejne,,heuristic,pl,TRADE_DOCUMENTS
BD_CDN_TEST_TABLE_CDN_DETALPLATNOSCIDOKUMENTU,CDN.DetalPlatnosciDokumentu,"Tabela ""CDN.DetalPlatnosciDokumentu"" w domenie Finanse-Księgowość. Formy płatności i terminy.","Tabela ""CDN.DetalPlatnosciDokumentu"" w domenie Finanse-Księgowość. Formy płatności i terminy.",80ce5eebeb3f02027cdfb3f4a1c0a7b325e0775c0a66af6c633dbf1871b8514e,93,CDN_TEST:TABLE:CDN.DetalPlatnosciDokumentu,,heuristic,pl,GENERAL_ERP
BD_CDN_TEST_TABLE_CDN_SWIETARUCHOME,CDN.SwietaRuchome,"Tabela ""CDN.SwietaRuchome"" w domenie Ogólne. Tabela systemowa.","Tabela ""CDN.SwietaRuchome"" w domenie Ogólne. Tabela systemowa.",c8da0597615777f6a4ae54f566a1d7ac65898ec080d3164eaebabec890be7956,62,CDN_TEST:TABLE:CDN.SwietaRuchome,,heuristic,pl,GENERAL_ERP
BD_CDN_TEST_TABLE_CDN_PRZWYREJ,CDN.PrzWyrej,"Tabela ""CDN.PrzWyrej"" w domenie Ogólne. Tabela systemowa.","Tabela ""CDN.PrzWyrej"" w domenie Ogólne. Tabela systemowa.",ff11a320def4bc6bb844eaaca39d3710d5f4fd515028cc575a55d73ac90c92ab,57,CDN_TEST:TABLE:CDN.PrzWyrej,,heuristic,pl,GENERAL_ERP
BD_CDN_TEST_TABLE_CDN_GRUPY,CDN.Grupy,"Tabela ""CDN.Grupy"" w domenie Ogólne. Tabela systemowa.","Tabela ""CDN.Grupy"" w domenie Ogólne. Tabela systemowa.",a4397b05abd7dee703388310590f194cc0d55de028a2c9f628d8449ebe1e887c,54,CDN_TEST:TABLE:CDN.Grupy,,heuristic,pl,GENERAL_ERP
BD_CDN_TEST_TABLE_CDN_WYPOSAZENIE,CDN.Wyposazenie,"Tabela ""CDN.Wyposazenie"" w domenie Ogólne. Tabela systemowa.","Tabela ""CDN.Wyposazenie"" w domenie Ogólne. Tabela systemowa.",83efe912b5cf757751635a0c3e0603d5260000e095f67bb9510d3a9333eaed77,60,CDN_TEST:TABLE:CDN.Wyposazenie,,heuristic,pl,HR_PAYROLL
BD_CDN_TEST_TABLE_CDN_TRWALEAIELEM,CDN.TrwaleAIElem,"Tabela ""CDN.TrwaleAIElem"" w domenie Ogólne. Tabela systemowa.","Tabela ""CDN.TrwaleAIElem"" w domenie Ogólne. Tabela systemowa.",51a93ce262fe6eea63c4ad7e0c78a9e63c12c3be3d412f297983183f07f643f4,61,CDN_TEST:TABLE:CDN.TrwaleAIElem,,heuristic,pl,GENERAL_ERP
BD_CDN_TEST_TABLE_CDN_DOKNAGPLIKI,CDN.DokNagPliki,"Tabela ""CDN.DokNagPliki"" w domenie Ogólne. Tabela systemowa.","Tabela ""CDN.DokNagPliki"" w domenie Ogólne. Tabela systemowa.",ade3dac0abfafa38626b0e9afa2d64c6344f91ec436494b62a896cf558d07c90,60,CDN_TEST:TABLE:CDN.DokNagPliki,,heuristic,pl,TRADE_DOCUMENTS
BD_CDN_TEST_TABLE_CDN_DETALRAPORTY,CDN.DetalRaporty,"Tabela ""CDN.DetalRaporty"" w domenie Ogólne. Tabela systemowa.","Tabela ""CDN.DetalRaporty"" w domenie Ogólne. Tabela systemowa.",4c5266418b87da52aac5ff9504ebaf48625d8014afc613d02cb25aca8868aecd,61,CDN_TEST:TABLE:CDN.DetalRaporty,,heuristic,pl,GENERAL_ERP
BD_CDN_TEST_TABLE_CDN_MAGAZYNY,CDN.Magazyny,"Tabela ""CDN.Magazyny"" w domenie Magazyn. Definicje magazynów i ich stany magazynowe.","Tabela ""CDN.Magazyny"" w domenie Magazyn. Definicje magazynów i ich stany magazynowe.",9cbb56f6a2f22d0de46789618149915aa73ba85c4db0e6d3669a3d9f472f656b,84,CDN_TEST:TABLE:CDN.Magazyny,,heuristic,pl,PRODUCTS_WAREHOUSE
BD_CDN_TEST_TABLE_CDN_BNKZDARZENIA,CDN.BnkZdarzenia,"Tabela ""CDN.BnkZdarzenia"" w domenie Ogólne. Tabela systemowa.","Tabela ""CDN.BnkZdarzenia"" w domenie Ogólne. Tabela systemowa.",2756011bc83105b2222c0c98246a221434c1ae0181b7f54b6cda74f49bcb6ce4,61,CDN_TEST:TABLE:CDN.BnkZdarzenia,,heuristic,pl,BANK_CASH
BD_CDN_TEST_TABLE_CDN_PRODUCENCIJEZYKOBCY,CDN.ProducenciJezykObcy,"Tabela ""CDN.ProducenciJezykObcy"" w domenie Magazyn. Tabela systemowa.","Tabela ""CDN.ProducenciJezykObcy"" w domenie Magazyn. Tabela systemowa.",53e43a6975a9a0a413d4269e7e5a4b15acd8428fa659a79d52ca18ca4cfbb529,69,CDN_TEST:TABLE:CDN.ProducenciJezykObcy,,heuristic,pl,GENERAL_ERP
BD_CDN_TEST_TABLE_CDN_DEKLCUK,CDN.DeklCUK,"Tabela ""CDN.DeklCUK"" w domenie Ogólne. Tabela systemowa.","Tabela ""CDN.DeklCUK"" w domenie Ogólne. Tabela systemowa.",8a9bdba9ef783caeb324d5789d6a0409567635a7b3091770eedc178f6100e624,56,CDN_TEST:TABLE:CDN.DeklCUK,,heuristic,pl,COMPLIANCE_ACCOUNTING
BD_CDN_TEST_TABLE_CDN_RABATY,CDN.Rabaty,"Tabela ""CDN.Rabaty"" w domenie Ogólne. Tabela systemowa.","Tabela ""CDN.Rabaty"" w domenie Ogólne. Tabela systemowa.",f8c19cf6cec3f7598fc47d2c7c6baca139e31363aeb2980785a5503ebf151b9f,55,CDN_TEST:TABLE:CDN.Rabaty,,heuristic,pl,GENERAL_ERP
BD_CDN_TEST_TABLE_CDN_TWRATRYBUTY,CDN.TwrAtrybuty,"Tabela ""CDN.TwrAtrybuty"" w domenie Ogólne. Tabela systemowa.","Tabela ""CDN.TwrAtrybuty"" w domenie Ogólne. Tabela systemowa.",54c2bf945e7ca5d1b584cdf2751daf4f085e258a442cdb6bf9dda1a10d53dbfc,60,CDN_TEST:TABLE:CDN.TwrAtrybuty,,heuristic,pl,PRODUCTS_WAREHOUSE
BD_CDN_TEST_TABLE_CDN_PARAMETRY,CDN.Parametry,"Tabela ""CDN.Parametry"" w domenie Ogólne. Tabela systemowa.","Tabela ""CDN.Parametry"" w domenie Ogólne. Tabela systemowa.",750666d223b1f3744ea1b6e2ac3b7547e5a1bf3598e049623a48cd2ca0c01eaf,58,CDN_TEST:TABLE:CDN.Parametry,,heuristic,pl,TRADE_DOCUMENTS
BD_CDN_TEST_TABLE_CDN_DETALROLICZENIAZALEGLOSCI,CDN.DetalRoliczeniaZaleglosci,"Tabela ""CDN.DetalRoliczeniaZaleglosci"" w domenie Ogólne. Tabela systemowa.","Tabela ""CDN.DetalRoliczeniaZaleglosci"" w domenie Ogólne. Tabela systemowa.",133f4c46e42a1c423323bc022236e926eb7795c5affdf4fcb51223b750eccec0,74,CDN_TEST:TABLE:CDN.DetalRoliczeniaZaleglosci,,heuristic,pl,GENERAL_ERP
BD_CDN_TEST_TABLE_CDN_UMOWYB2B,CDN.UmowyB2B,"Tabela ""CDN.UmowyB2B"" w domenie Kadry-Płace. Umowy pracownicze — typy, okresy, wymiary etatu.","Tabela ""CDN.UmowyB2B"" w domenie Kadry-Płace. Umowy pracownicze — typy, okresy, wymiary etatu.",0e0b2eea1286ea95936b904a9a6ece0e8b198c6f5c0e16a436bb853609125c8d,93,CDN_TEST:TABLE:CDN.UmowyB2B,,heuristic,pl,HR_PAYROLL
BD_CDN_TEST_TABLE_CDN_TRACYKLPROPKNTWZORCE,CDN.TraCyklPropKntWzorce,"Tabela ""CDN.TraCyklPropKntWzorce"" w domenie Ogólne. Tabela systemowa.","Tabela ""CDN.TraCyklPropKntWzorce"" w domenie Ogólne. Tabela systemowa.",c0801ea5e37c583cf320a0cc9bcf028830cd6e2f86a9ff4471770b89a378f25a,69,CDN_TEST:TABLE:CDN.TraCyklPropKntWzorce,,heuristic,pl,TRADE_DOCUMENTS
BD_CDN_TEST_TABLE_CDN_AUTOKOSZTY,CDN.AutoKoszty,"Tabela ""CDN.AutoKoszty"" w domenie Finanse-Księgowość. Tabela systemowa.","Tabela ""CDN.AutoKoszty"" w domenie Finanse-Księgowość. Tabela systemowa.",2e324cd3d1e26024e4e908099cc80f4309940544f9031aeb8ae4fa2921eb13cb,71,CDN_TEST:TABLE:CDN.AutoKoszty,,heuristic,pl,GENERAL_ERP
BD_CDN_TEST_TABLE_CDN_MARKI,CDN.Marki,"Tabela ""CDN.Marki"" w domenie Ogólne. Tabela systemowa.","Tabela ""CDN.Marki"" w domenie Ogólne. Tabela systemowa.",6ecacbde1c1d172897946f10d7913c5b931306ad4d705d55f878587e468bed77,54,CDN_TEST:TABLE:CDN.Marki,,heuristic,pl,GENERAL_ERP
BD_CDN_TEST_TABLE_CDN_PIECZATKI,CDN.Pieczatki,"Tabela ""CDN.Pieczatki"" w domenie Ogólne. Tabela systemowa.","Tabela ""CDN.Pieczatki"" w domenie Ogólne. Tabela systemowa.",9df95f91e25c5ccc9195157255f07002b86b67df291d1c80adbd0dd550e5dc6c,58,CDN_TEST:TABLE:CDN.Pieczatki,,heuristic,pl,GENERAL_ERP
BD_CDN_TEST_TABLE_CDN_DANEKAD,CDN.DaneKad,"Tabela ""CDN.DaneKad"" w domenie Ogólne. Tabela systemowa.","Tabela ""CDN.DaneKad"" w domenie Ogólne. Tabela systemowa.",e719195a8b296212d61731caa897af3934559252affed7010ba187bbbb98a65e,56,CDN_TEST:TABLE:CDN.DaneKad,,heuristic,pl,HR_PAYROLL
BD_CDN_TEST_TABLE_CDN_KODYCN,CDN.KodyCN,"Tabela ""CDN.KodyCN"" w domenie Ogólne. Tabela systemowa.","Tabela ""CDN.KodyCN"" w domenie Ogólne. Tabela systemowa.",002bb804b8bdfcee849298dbb578cad40b3f7016324fd91e3f68bcc47d1d2cca,55,CDN_TEST:TABLE:CDN.KodyCN,,heuristic,pl,PRODUCTS_WAREHOUSE
BD_CDN_TEST_TABLE_CDN_DETALSTANFORMYPLATNOSCI,CDN.DetalStanFormyPlatnosci,"Tabela ""CDN.DetalStanFormyPlatnosci"" w domenie Magazyn. Formy płatności i terminy.","Tabela ""CDN.DetalStanFormyPlatnosci"" w domenie Magazyn. Formy płatności i terminy.",1ca5a36eb7c25231b7cb33576a109a5b4080c136408e55729b1b0be787b7ac5d,82,CDN_TEST:TABLE:CDN.DetalStanFormyPlatnosci,,heuristic,pl,GENERAL_ERP
BD_CDN_TEST_TABLE_CDN_GRUPAZAKAZY,CDN.GrupaZakazy,"Tabela ""CDN.GrupaZakazy"" w domenie Ogólne. Tabela systemowa.","Tabela ""CDN.GrupaZakazy"" w domenie Ogólne. Tabela systemowa.",436f04d907bf03dc96e10dd76249d292c648324de75b2f1ea3f84321b7bde449,60,CDN_TEST:TABLE:CDN.GrupaZakazy,,heuristic,pl,GENERAL_ERP
BD_CDN_TEST_TABLE_CDN_TWRESKLEP,CDN.TwrESklep,"Tabela ""CDN.TwrESklep"" w domenie Ogólne. Tabela systemowa.","Tabela ""CDN.TwrESklep"" w domenie Ogólne. Tabela systemowa.",fc7ef1ecc996b430a22f47817d675cd735c0f122f66366088635ca115e75221c,58,CDN_TEST:TABLE:CDN.TwrESklep,,heuristic,pl,PRODUCTS_WAREHOUSE
BD_CDN_TEST_TABLE_CDN_WYPOSAZENIEPOWIAZANIA,CDN.WyposazeniePowiazania,"Tabela ""CDN.WyposazeniePowiazania"" w domenie Ogólne. Tabela systemowa.","Tabela ""CDN.WyposazeniePowiazania"" w domenie Ogólne. Tabela systemowa.",5b081887a8c29b6ad0cefb0094328ef01184073b5ef2a26ede316db54664c7c2,70,CDN_TEST:TABLE:CDN.WyposazeniePowiazania,,heuristic,pl,HR_PAYROLL
BD_CDN_TEST_TABLE_CDN_WYMIARY,CDN.Wymiary,"Tabela ""CDN.Wymiary"" w domenie Ogólne. Tabela systemowa.","Tabela ""CDN.Wymiary"" w domenie Ogólne. Tabela systemowa.",75d55fbccaa749da600979b22bc3c3ca75b2d95124e16594b0197621ff20ba59,56,CDN_TEST:TABLE:CDN.Wymiary,,heuristic,pl,GENERAL_ERP
BD_CDN_TEST_TABLE_CDN_REGULYRCP,CDN.RegulyRcp,"Tabela ""CDN.RegulyRcp"" w domenie Ogólne. Tabela systemowa.","Tabela ""CDN.RegulyRcp"" w domenie Ogólne. Tabela systemowa.",94388c5140c48ba647ef3f4a98a97dbcb2364fa5df6507168579fce755a36c6f,58,CDN_TEST:TABLE:CDN.RegulyRcp,,heuristic,pl,HR_PAYROLL
BD_CDN_TEST_TABLE_CDN_DOKNAGPROCESETAPY,CDN.DokNagProcesEtapy,"Tabela ""CDN.DokNagProcesEtapy"" w domenie Ogólne. Tabela systemowa.","Tabela ""CDN.DokNagProcesEtapy"" w domenie Ogólne. Tabela systemowa.",f7d9a6d71ccf2aea3a1b02105b9c77f6a8f89f2671c77e474ce75f6b4eb89622,66,CDN_TEST:TABLE:CDN.DokNagProcesEtapy,,heuristic,pl,TRADE_DOCUMENTS
BD_CDN_TEST_TABLE_CDN_DANEKADMOD,CDN.DaneKadMod,"Tabela ""CDN.DaneKadMod"" w domenie Ogólne. Tabela systemowa.","Tabela ""CDN.DaneKadMod"" w domenie Ogólne. Tabela systemowa.",dbdb460c21336d800c438363e0e7a06c96e6faec1afeb34403a29d0f2199ec4e,59,CDN_TEST:TABLE:CDN.DaneKadMod,,heuristic,pl,HR_PAYROLL
BD_CDN_TEST_TABLE_CDN_GRUPYKONTELEM,CDN.GrupyKontElem,"Tabela ""CDN.GrupyKontElem"" w domenie Ogólne. Tabela systemowa.","Tabela ""CDN.GrupyKontElem"" w domenie Ogólne. Tabela systemowa.",a248b67442d6d30145ee7daf68976ba7653cd6a9ee190840f2573469b5802dc7,62,CDN_TEST:TABLE:CDN.GrupyKontElem,,heuristic,pl,GENERAL_ERP
BD_CDN_TEST_TABLE_CDN_WYPOSAZENIEOSOBYODPOWIEDZIALNE,CDN.WyposazenieOsobyOdpowiedzialne,"Tabela ""CDN.WyposazenieOsobyOdpowiedzialne"" w domenie Ogólne. Tabela systemowa.","Tabela ""CDN.WyposazenieOsobyOdpowiedzialne"" w domenie Ogólne. Tabela systemowa.",c41149bcc5acc58a774ff604f26716c34069b1b3632b52af4cff2eca823a6a21,79,CDN_TEST:TABLE:CDN.WyposazenieOsobyOdpowiedzialne,,heuristic,pl,HR_PAYROLL
BD_CDN_TEST_TABLE_CDN_MAGAZYNZAKAZY,CDN.MagazynZakazy,"Tabela ""CDN.MagazynZakazy"" w domenie Magazyn. Definicje magazynów i ich stany magazynowe.","Tabela ""CDN.MagazynZakazy"" w domenie Magazyn. Definicje magazynów i ich stany magazynowe.",db28906e41624ed3c0fa960b5a61fdabc696387c650aed65e687fefa83717306,89,CDN_TEST:TABLE:CDN.MagazynZakazy,,heuristic,pl,PRODUCTS_WAREHOUSE
BD_CDN_TEST_TABLE_CDN_DOKPODMIOTY,CDN.DokPodmioty,"Tabela ""CDN.DokPodmioty"" w domenie Ogólne. Tabela systemowa.","Tabela ""CDN.DokPodmioty"" w domenie Ogólne. Tabela systemowa.",065b0640bab6cfafae0635a7cc7743efa2fe30905c12cd116bb1dd0d2bc1709e,60,CDN_TEST:TABLE:CDN.DokPodmioty,,heuristic,pl,TRADE_DOCUMENTS
BD_CDN_TEST_TABLE_CDN_TRACYKLICZNE,CDN.TraCykliczne,"Tabela ""CDN.TraCykliczne"" w domenie Ogólne. Tabela systemowa.","Tabela ""CDN.TraCykliczne"" w domenie Ogólne. Tabela systemowa.",9ebcf97b4b94d25f410b80117e90706fb1f066d881ce6c24990b7e10b025574b,61,CDN_TEST:TABLE:CDN.TraCykliczne,,heuristic,pl,TRADE_DOCUMENTS
BD_CDN_TEST_TABLE_CDN_DETALSTANKONFIGURACJA,CDN.DetalStanKonfiguracja,"Tabela ""CDN.DetalStanKonfiguracja"" w domenie Magazyn. Tabela systemowa.","Tabela ""CDN.DetalStanKonfiguracja"" w domenie Magazyn. Tabela systemowa.",f0f76273398aead55095c1264a3cdad72129169f5fb399fc30d23721ff575c7e,71,CDN_TEST:TABLE:CDN.DetalStanKonfiguracja,,heuristic,pl,GENERAL_ERP
BD_CDN_TEST_TABLE_CDN_REMANENTELEM,CDN.RemanentElem,"Tabela ""CDN.RemanentElem"" w domenie Ogólne. Tabela systemowa.","Tabela ""CDN.RemanentElem"" w domenie Ogólne. Tabela systemowa.",6dbc84ebd75ccd6696c0abf4d313a9c6cdb3052166d221fe80a2b4c2da824cb1,61,CDN_TEST:TABLE:CDN.RemanentElem,,heuristic,pl,GENERAL_ERP
BD_CDN_TEST_TABLE_CDN_GRUPYKONTNAG,CDN.GrupyKontNag,"Tabela ""CDN.GrupyKontNag"" w domenie Ogólne. Tabela systemowa.","Tabela ""CDN.GrupyKontNag"" w domenie Ogólne. Tabela systemowa.",d02325f4afc58791fb5cf8e91f9d20a9ccd5f09c3ce85b6812dc2832835ec9ba,61,CDN_TEST:TABLE:CDN.GrupyKontNag,,heuristic,pl,GENERAL_ERP
BD_CDN_TEST_TABLE_CDN_AUTOPRZEJAZD,CDN.AutoPrzejazd,"Tabela ""CDN.AutoPrzejazd"" w domenie Ogólne. Tabela systemowa.","Tabela ""CDN.AutoPrzejazd"" w domenie Ogólne. Tabela systemowa.",489bdad6270d122bb6a9e1f2ae16fe232ab9cda3303cc33cca0aacad3e518ac5,61,CDN_TEST:TABLE:CDN.AutoPrzejazd,,heuristic,pl,GENERAL_ERP
BD_CDN_TEST_TABLE_CDN_MARKIJEZYKOBCY,CDN.MarkiJezykObcy,"Tabela ""CDN.MarkiJezykObcy"" w domenie Ogólne. Tabela systemowa.","Tabela ""CDN.MarkiJezykObcy"" w domenie Ogólne. Tabela systemowa.",84c471f44c99dc5dcf551b16b614d3aae1370c9be38c4978fc537df57df0ec01,63,CDN_TEST:TABLE:CDN.MarkiJezykObcy,,heuristic,pl,GENERAL_ERP
BD_CDN_TEST_TABLE_CDN_WYPOSAZENIEMIEJSCAUZYTKOWANIA,CDN.WyposazenieMiejscaUzytkowania,"Tabela ""CDN.WyposazenieMiejscaUzytkowania"" w domenie Ogólne. Tabela systemowa.","Tabela ""CDN.WyposazenieMiejscaUzytkowania"" w domenie Ogólne. Tabela systemowa.",04cfe164ddd0d4914f411bc6a641025c0d1ba36d520e6e81bf1a7acad6b9f723,78,CDN_TEST:TABLE:CDN.WyposazenieMiejscaUzytkowania,,heuristic,pl,HR_PAYROLL
BD_CDN_TEST_TABLE_CDN_MIASTA,CDN.Miasta,"Tabela ""CDN.Miasta"" w domenie Ogólne. Tabela systemowa.","Tabela ""CDN.Miasta"" w domenie Ogólne. Tabela systemowa.",452372b261c696a78ecf1317fa2c8f84eb85cffe175cef89e2de57108525eb3c,55,CDN_TEST:TABLE:CDN.Miasta,,heuristic,pl,GENERAL_ERP
BD_CDN_TEST_TABLE_CDN_DANEKADMODRELACJE,CDN.DaneKadModRelacje,"Tabela ""CDN.DaneKadModRelacje"" w domenie Ogólne. Tabela systemowa.","Tabela ""CDN.DaneKadModRelacje"" w domenie Ogólne. Tabela systemowa.",4329ec9238f1dc8b9305c4b9bffdd725b129555e04908c66188eb020796fe29d,66,CDN_TEST:TABLE:CDN.DaneKadModRelacje,,heuristic,pl,HR_PAYROLL
BD_CDN_TEST_TABLE_CDN_DOKRELACJE,CDN.DokRelacje,"Tabela ""CDN.DokRelacje"" w domenie Ogólne. Tabela systemowa.","Tabela ""CDN.DokRelacje"" w domenie Ogólne. Tabela systemowa.",2cb86d34894b13213fb14a2f7261a0e403fd2165a71f147fe4d65874ee729a27,59,CDN_TEST:TABLE:CDN.DokRelacje,,heuristic,pl,TRADE_DOCUMENTS
BD_CDN_TEST_TABLE_CDN_PIECZATKIJS,CDN.PieczatkiJS,"Tabela ""CDN.PieczatkiJS"" w domenie Ogólne. Tabela systemowa.","Tabela ""CDN.PieczatkiJS"" w domenie Ogólne. Tabela systemowa.",3bfbba4d18e5c06928b9f1ad9593ee40b419b04c7592411c753d89d8f6d5eb6a,60,CDN_TEST:TABLE:CDN.PieczatkiJS,,heuristic,pl,GENERAL_ERP
BD_CDN_TEST_TABLE_CDN_UMOWYZESTCZASU,CDN.UmowyZestCzasu,"Tabela ""CDN.UmowyZestCzasu"" w domenie Kadry-Płace. Umowy pracownicze — typy, okresy, wymiary etatu.","Tabela ""CDN.UmowyZestCzasu"" w domenie Kadry-Płace. Umowy pracownicze — typy, okresy, wymiary etatu.",04246b18b916c1aec947b3ec6e3a6b333416293eebdf24afb7fb6f1fe6bc2569,99,CDN_TEST:TABLE:CDN.UmowyZestCzasu,,heuristic,pl,HR_PAYROLL
BD_CDN_TEST_TABLE_CDN_WYPOSAZENIEAINAG,CDN.WyposazenieAINag,"Tabela ""CDN.WyposazenieAINag"" w domenie Ogólne. Tabela systemowa.","Tabela ""CDN.WyposazenieAINag"" w domenie Ogólne. Tabela systemowa.",5ab6935c90afc86ab95b5a2e9d33632779e11a169c8790b8e71e1a84fa83f550,65,CDN_TEST:TABLE:CDN.WyposazenieAINag,,heuristic,pl,HR_PAYROLL
BD_CDN_TEST_TABLE_CDN_WYMIARYWARTOSCI,CDN.WymiaryWartosci,"Tabela ""CDN.WymiaryWartosci"" w domenie Ogólne. Tabela systemowa.","Tabela ""CDN.WymiaryWartosci"" w domenie Ogólne. Tabela systemowa.",044ca0136d80169f6f3736100eedad0504a6b3dc0e641ed3a55f7c834445189b,64,CDN_TEST:TABLE:CDN.WymiaryWartosci,,heuristic,pl,GENERAL_ERP
BD_CDN_TEST_TABLE_CDN_MIEJSCAUZYTKOWANIA,CDN.MiejscaUzytkowania,"Tabela ""CDN.MiejscaUzytkowania"" w domenie Ogólne. Tabela systemowa.","Tabela ""CDN.MiejscaUzytkowania"" w domenie Ogólne. Tabela systemowa.",f0628510041457f440bef6843dd930e01e089f55f263fc7824cbce9a365c4328,67,CDN_TEST:TABLE:CDN.MiejscaUzytkowania,,heuristic,pl,GENERAL_ERP
BD_CDN_TEST_TABLE_CDN_ANALIZYBIPARAM,CDN.AnalizyBIParam,"Tabela ""CDN.AnalizyBIParam"" w domenie Ogólne. Tabela systemowa.","Tabela ""CDN.AnalizyBIParam"" w domenie Ogólne. Tabela systemowa.",d1204ac69cabb279f32e30cc3dc57e5d9e3c240fffeb68f2951c9e7ac6e80177,63,CDN_TEST:TABLE:CDN.AnalizyBIParam,,heuristic,pl,GENERAL_ERP
BD_CDN_TEST_TABLE_CDN_IGALERIAKATEGORIE,CDN.IGaleriaKategorie,"Tabela ""CDN.IGaleriaKategorie"" w domenie Ogólne. Tabela systemowa.","Tabela ""CDN.IGaleriaKategorie"" w domenie Ogólne. Tabela systemowa.",0084d798328a8b47d05167bacb67a894ebbeb44b06cfac7101ebca29ac2e90f2,66,CDN_TEST:TABLE:CDN.IGaleriaKategorie,,heuristic,pl,GENERAL_ERP
BD_CDN_TEST_TABLE_CDN_DZIALY,CDN.Dzialy,"Tabela ""CDN.Dzialy"" w domenie Ogólne. Tabela systemowa.","Tabela ""CDN.Dzialy"" w domenie Ogólne. Tabela systemowa.",8bc1d9e32d94c680d65b8750a43b28142e0cece0d7d5d4e3b4473e9536f34d0a,55,CDN_TEST:TABLE:CDN.Dzialy,,heuristic,pl,HR_PAYROLL
BD_CDN_TEST_TABLE_CDN_TRACYKLICZNEGRUPY,CDN.TraCykliczneGrupy,"Tabela ""CDN.TraCykliczneGrupy"" w domenie Ogólne. Tabela systemowa.","Tabela ""CDN.TraCykliczneGrupy"" w domenie Ogólne. Tabela systemowa.",d30c18b66033f70af6405b724cfc5ac35fb5680a2df5b4df0147dec18621ae73,66,CDN_TEST:TABLE:CDN.TraCykliczneGrupy,,heuristic,pl,TRADE_DOCUMENTS
BD_CDN_TEST_TABLE_CDN_DETALSTANKONTRAHENCI,CDN.DetalStanKontrahenci,"Tabela ""CDN.DetalStanKontrahenci"" w domenie Magazyn. Główna tabela kontrahentów — dane firmowe, NIP, REGON, adresy, dane kontaktowe.","Tabela ""CDN.DetalStanKontrahenci"" w domenie Magazyn. Główna tabela kontrahentów — dane firmowe, NIP, REGON, adresy, dane kontaktowe.",d21684063a989d74671d7dfb47badbfdc276ecdf3909cb40fe88fca117f33995,132,CDN_TEST:TABLE:CDN.DetalStanKontrahenci,,heuristic,pl,GENERAL_ERP
BD_CDN_TEST_TABLE_CDN_DANEPLAC,CDN.DanePlac,"Tabela ""CDN.DanePlac"" w domenie Ogólne. Tabela systemowa.","Tabela ""CDN.DanePlac"" w domenie Ogólne. Tabela systemowa.",052d17ac2fce1cb385fc5acfac38d2985a8508041d7dd13d95f1e0d2c70f0677,57,CDN_TEST:TABLE:CDN.DanePlac,,heuristic,pl,GENERAL_ERP
BD_CDN_TEST_TABLE_CDN_KONFIGTEXT,CDN.KonfigText,"Tabela ""CDN.KonfigText"" w domenie Ogólne. Tabela systemowa.","Tabela ""CDN.KonfigText"" w domenie Ogólne. Tabela systemowa.",7e99f62b21da863acdd436719b7dd4ef1d5b841b612304ddf75ab33e0c68cb1e,59,CDN_TEST:TABLE:CDN.KonfigText,,heuristic,pl,CONTRACTORS_CRM
BD_CDN_TEST_TABLE_CDN_UPRAWNIENIA,CDN.Uprawnienia,"Tabela ""CDN.Uprawnienia"" w domenie Administracja. Tabela systemowa.","Tabela ""CDN.Uprawnienia"" w domenie Administracja. Tabela systemowa.",3bf305fea72a9718ba7cac75c0ac3a673accdc02fa6f25dad812c399bba271e0,67,CDN_TEST:TABLE:CDN.Uprawnienia,,heuristic,pl,GENERAL_ERP
BD_CDN_TEST_TABLE_CDN_TWRTSMODESKLEP,CDN.TwrTSModEsklep,"Tabela ""CDN.TwrTSModEsklep"" w domenie Ogólne. Tabela systemowa.","Tabela ""CDN.TwrTSModEsklep"" w domenie Ogólne. Tabela systemowa.",5563361c77b36c1254494e3f2a4775aee6119ed24223a9809398b77b3d7bb861,63,CDN_TEST:TABLE:CDN.TwrTSModEsklep,,heuristic,pl,PRODUCTS_WAREHOUSE
BD_CDN_TEST_TABLE_CDN_IGALERIAATRYBUTY,CDN.IGaleriaAtrybuty,"Tabela ""CDN.IGaleriaAtrybuty"" w domenie Ogólne. Tabela systemowa.","Tabela ""CDN.IGaleriaAtrybuty"" w domenie Ogólne. Tabela systemowa.",5fe55f90a199a0d6d786064e404480f96365d7bb784d958adc4558f4db4ca9be,65,CDN_TEST:TABLE:CDN.IGaleriaAtrybuty,,heuristic,pl,GENERAL_ERP
BD_CDN_TEST_TABLE_CDN_AKTUALIZACJE,CDN.Aktualizacje,"Tabela ""CDN.Aktualizacje"" w domenie Ogólne. Tabela systemowa.","Tabela ""CDN.Aktualizacje"" w domenie Ogólne. Tabela systemowa.",cbb70b3e6894060f4b2576df0536625fe2a1a94a0b300d4999befd349b57aabf,61,CDN_TEST:TABLE:CDN.Aktualizacje,,heuristic,pl,GENERAL_ERP
BD_CDN_TEST_TABLE_CDN_IGALERIADEFATRWARTOSCI,CDN.IGaleriaDefAtrWartosci,"Tabela ""CDN.IGaleriaDefAtrWartosci"" w domenie Ogólne. Tabela systemowa.","Tabela ""CDN.IGaleriaDefAtrWartosci"" w domenie Ogólne. Tabela systemowa.",fb89f930c3194c961b5c4010f9b6be10c8afd6289f66165268bf5bc6b6bb8941,71,CDN_TEST:TABLE:CDN.IGaleriaDefAtrWartosci,,heuristic,pl,GENERAL_ERP
BD_CDN_TEST_TABLE_CDN_TRANAGTSMODESKLEP,CDN.TraNagTSModEsklep,"Tabela ""CDN.TraNagTSModEsklep"" w domenie Handel. Tabela systemowa.","Tabela ""CDN.TraNagTSModEsklep"" w domenie Handel. Tabela systemowa.",7ec9cf7a48e05163c169d81cc3ed5852d945b4301dea48b8f8c3ff0b2d37ccf1,66,CDN_TEST:TABLE:CDN.TraNagTSModEsklep,,heuristic,pl,TRADE_DOCUMENTS
BD_CDN_TEST_TABLE_CDN_DETALSTANOPAKELEM,CDN.DetalStanOpakElem,"Tabela ""CDN.DetalStanOpakElem"" w domenie Magazyn. Tabela systemowa.","Tabela ""CDN.DetalStanOpakElem"" w domenie Magazyn. Tabela systemowa.",0a13040f4fadd834819a082044772abf9a90f198d49e998b1d10aee0f2c2ed01,67,CDN_TEST:TABLE:CDN.DetalStanOpakElem,,heuristic,pl,GENERAL_ERP
BD_CDN_TEST_TABLE_CDN_NOTYODSELEM,CDN.NotyOdsElem,"Tabela ""CDN.NotyOdsElem"" w domenie Ogólne. Tabela systemowa.","Tabela ""CDN.NotyOdsElem"" w domenie Ogólne. Tabela systemowa.",0a5667aba729a1e59c54ddce914fbc1394cb13b18045d3a5ede75fe90f5143da,60,CDN_TEST:TABLE:CDN.NotyOdsElem,,heuristic,pl,GENERAL_ERP
BD_CDN_TEST_TABLE_CDN_KONTA,CDN.Konta,"Tabela ""CDN.Konta"" w domenie Ogólne. Tabela systemowa.","Tabela ""CDN.Konta"" w domenie Ogólne. Tabela systemowa.",027bf797f83e234e3213a20164718fcd5b327f3388c118c11cd77d42ae5460b0,54,CDN_TEST:TABLE:CDN.Konta,,heuristic,pl,CONTRACTORS_CRM
BD_CDN_TEST_TABLE_CDN_IGALERIAATRWARTOSCI,CDN.IGaleriaAtrWartosci,"Tabela ""CDN.IGaleriaAtrWartosci"" w domenie Ogólne. Tabela systemowa.","Tabela ""CDN.IGaleriaAtrWartosci"" w domenie Ogólne. Tabela systemowa.",e3ace78e230d320ef3494c7d89c524c6c7c31b9e01909bdcb15cfc94a6c781a7,68,CDN_TEST:TABLE:CDN.IGaleriaAtrWartosci,,heuristic,pl,GENERAL_ERP
BD_CDN_TEST_TABLE_CDN_DANEPLACMOD,CDN.DanePlacMod,"Tabela ""CDN.DanePlacMod"" w domenie Ogólne. Tabela systemowa.","Tabela ""CDN.DanePlacMod"" w domenie Ogólne. Tabela systemowa.",caa494ac0235c97f9e0c3c0a82f2f7837ea70e289c2838433471f575949ae1c1,60,CDN_TEST:TABLE:CDN.DanePlacMod,,heuristic,pl,GENERAL_ERP
BD_CDN_TEST_TABLE_CDN_KOREKTAPODATKUDOCHODOWEGO,CDN.KorektaPodatkuDochodowego,"Tabela ""CDN.KorektaPodatkuDochodowego"" w domenie Ogólne. Tabela systemowa.","Tabela ""CDN.KorektaPodatkuDochodowego"" w domenie Ogólne. Tabela systemowa.",2cb013d235aa851d4ffd849eface494b5c534b962f61739e81ddad57986a19a9,74,CDN_TEST:TABLE:CDN.KorektaPodatkuDochodowego,,heuristic,pl,GENERAL_ERP
BD_CDN_TEST_TABLE_CDN_GRUPYPOTRACEN,CDN.GrupyPotracen,"Tabela ""CDN.GrupyPotracen"" w domenie Magazyn. Tabela systemowa.","Tabela ""CDN.GrupyPotracen"" w domenie Magazyn. Tabela systemowa.",2eae5eeb26a1422e76e828f68f4d27160419af882b51c0e1cc3577595744e5cb,63,CDN_TEST:TABLE:CDN.GrupyPotracen,,heuristic,pl,GENERAL_ERP
BD_CDN_TEST_TABLE_CDN_TWRCENY,CDN.TwrCeny,"Tabela ""CDN.TwrCeny"" w domenie Magazyn. Tabela systemowa.","Tabela ""CDN.TwrCeny"" w domenie Magazyn. Tabela systemowa.",79af25477123600b2accf561ffec5600471532eae7b78abc91a0789ebb72670c,57,CDN_TEST:TABLE:CDN.TwrCeny,,heuristic,pl,PRODUCTS_WAREHOUSE
BD_CDN_TEST_TABLE_CDN_AUTOROZLICZ,CDN.AutoRozlicz,"Tabela ""CDN.AutoRozlicz"" w domenie Ogólne. Tabela systemowa.","Tabela ""CDN.AutoRozlicz"" w domenie Ogólne. Tabela systemowa.",e3d5c595559befa7a10013aeed597e037fdd193704ba0cf32d0078b2c8921616,60,CDN_TEST:TABLE:CDN.AutoRozlicz,,heuristic,pl,GENERAL_ERP
BD_CDN_TEST_TABLE_CDN_TWROCRMAPOWANIE,CDN.TwrOCRMapowanie,"Tabela ""CDN.TwrOCRMapowanie"" w domenie CRM. Tabela systemowa.","Tabela ""CDN.TwrOCRMapowanie"" w domenie CRM. Tabela systemowa.",bef86c2cf2180c3c1d5e50a02752bbe24137de22c23ec39413057ac612eea505,61,CDN_TEST:TABLE:CDN.TwrOCRMapowanie,,heuristic,pl,PRODUCTS_WAREHOUSE
BD_CDN_TEST_TABLE_CDN_DETALSTANOPAKNAG,CDN.DetalStanOpakNag,"Tabela ""CDN.DetalStanOpakNag"" w domenie Magazyn. Tabela systemowa.","Tabela ""CDN.DetalStanOpakNag"" w domenie Magazyn. Tabela systemowa.",5ef3cd827b460e9b041d3b9ce772e64627bdc1ba6bc12f5b5d240ffc49d9f798,66,CDN_TEST:TABLE:CDN.DetalStanOpakNag,,heuristic,pl,GENERAL_ERP
BD_CDN_TEST_TABLE_CDN_AKTUALIZACJEBLOKBAZA,CDN.AktualizacjeBlokBaza,"Tabela ""CDN.AktualizacjeBlokBaza"" w domenie Administracja. Definicje baz danych i instancji.","Tabela ""CDN.AktualizacjeBlokBaza"" w domenie Administracja. Definicje baz danych i instancji.",fbbe25b29150dcf98210772deaad1830411ccd71066f263a138036d84c85fc39,92,CDN_TEST:TABLE:CDN.AktualizacjeBlokBaza,,heuristic,pl,GENERAL_ERP
BD_CDN_TEST_TABLE_CDN_NOTYODSNAG,CDN.NotyOdsNag,"Tabela ""CDN.NotyOdsNag"" w domenie Ogólne. Tabela systemowa.","Tabela ""CDN.NotyOdsNag"" w domenie Ogólne. Tabela systemowa.",4e286c53c06f0dae62ff04215ee815be734dfd537781e6f28da9558bd36d8867,59,CDN_TEST:TABLE:CDN.NotyOdsNag,,heuristic,pl,GENERAL_ERP
BD_CDN_TEST_TABLE_CDN_SRSNOTATKI,CDN.SrsNotatki,"Tabela ""CDN.SrsNotatki"" w domenie Administracja. Tabela systemowa.","Tabela ""CDN.SrsNotatki"" w domenie Administracja. Tabela systemowa.",b1844f57e08396698107c9b52a4cba60fb256fe184c2f9340e1d818d3d65af20,66,CDN_TEST:TABLE:CDN.SrsNotatki,,heuristic,pl,GENERAL_ERP
BD_CDN_TEST_TABLE_CDN_PKZP,CDN.PKZP,"Tabela ""CDN.PKZP"" w domenie Ogólne. Tabela systemowa.","Tabela ""CDN.PKZP"" w domenie Ogólne. Tabela systemowa.",ffb600335411a568e288e457ec8d83be71f73f8aaca450f5cb961ffd053986b7,53,CDN_TEST:TABLE:CDN.PKZP,,heuristic,pl,GENERAL_ERP
BD_CDN_TEST_TABLE_CDN_WYPOSAZENIEAIELEM,CDN.WyposazenieAIElem,"Tabela ""CDN.WyposazenieAIElem"" w domenie Ogólne. Tabela systemowa.","Tabela ""CDN.WyposazenieAIElem"" w domenie Ogólne. Tabela systemowa.",33677cfc217f44dc1e1d69a13fb210eacf564434ef86c637daade3f57eb237b4,66,CDN_TEST:TABLE:CDN.WyposazenieAIElem,,heuristic,pl,HR_PAYROLL
BD_CDN_TEST_TABLE_CDN_BNKZDARZENIACDCSEPAINFO,CDN.BnkZdarzeniaCDCSEPAInfo,"Tabela ""CDN.BnkZdarzeniaCDCSEPAInfo"" w domenie Ogólne. Tabela systemowa.","Tabela ""CDN.BnkZdarzeniaCDCSEPAInfo"" w domenie Ogólne. Tabela systemowa.",2770563c067d7e195933609c59731e883e3a9370b3ad76166a4f2ba4699e48c2,72,CDN_TEST:TABLE:CDN.BnkZdarzeniaCDCSEPAInfo,,heuristic,pl,BANK_CASH
BD_CDN_TEST_TABLE_CDN_REMANENTNAG,CDN.RemanentNag,"Tabela ""CDN.RemanentNag"" w domenie Ogólne. Tabela systemowa.","Tabela ""CDN.RemanentNag"" w domenie Ogólne. Tabela systemowa.",a245986f1ea58b372e0406d0887c4cd5ce2199645bbeb10b347ce81b0a6ec0a0,60,CDN_TEST:TABLE:CDN.RemanentNag,,heuristic,pl,GENERAL_ERP
BD_CDN_TEST_TABLE_CDN_ESKLEPFORMYPLATNOSCI,CDN.eSklepFormyPlatnosci,"Tabela ""CDN.eSklepFormyPlatnosci"" w domenie Finanse-Księgowość. Formy płatności i terminy.","Tabela ""CDN.eSklepFormyPlatnosci"" w domenie Finanse-Księgowość. Formy płatności i terminy.",21fac3b27d7d131dd1427321f7a4efb35ae0aca80c3619a33263147db60a0415,90,CDN_TEST:TABLE:CDN.eSklepFormyPlatnosci,,heuristic,pl,GENERAL_ERP
BD_CDN_TEST_TABLE_CDN_DZIALZAKAZY,CDN.DzialZakazy,"Tabela ""CDN.DzialZakazy"" w domenie Ogólne. Tabela systemowa.","Tabela ""CDN.DzialZakazy"" w domenie Ogólne. Tabela systemowa.",4c4a1234951925254f9def11e8cd8251495f598afa31533d30bd671f4bcf6d3e,60,CDN_TEST:TABLE:CDN.DzialZakazy,,heuristic,pl,HR_PAYROLL
BD_CDN_TEST_TABLE_CDN_DOKUMENTYDOSTAWYNAG,CDN.DokumentyDostawyNag,"Tabela ""CDN.DokumentyDostawyNag"" w domenie Handel. Tabela systemowa.","Tabela ""CDN.DokumentyDostawyNag"" w domenie Handel. Tabela systemowa.",7734dd2405b4eeb48abd97135f698ba6a6ddf6e56afc6c34f954da41e907a003,68,CDN_TEST:TABLE:CDN.DokumentyDostawyNag,,heuristic,pl,TRADE_DOCUMENTS
BD_CDN_TEST_TABLE_CDN_DETALSTANOPERATORZY,CDN.DetalStanOperatorzy,"Tabela ""CDN.DetalStanOperatorzy"" w domenie Magazyn. Operatorzy systemu — loginy, uprawnienia, profile.","Tabela ""CDN.DetalStanOperatorzy"" w domenie Magazyn. Operatorzy systemu — loginy, uprawnienia, profile.",868e5c16bcae43364b48f3b9be84d6aa2564e0aa36cfaa75e258e7c1d65b2765,102,CDN_TEST:TABLE:CDN.DetalStanOperatorzy,,heuristic,pl,GENERAL_ERP
BD_CDN_TEST_TABLE_CDN_REJESTROPERACJI,CDN.RejestrOperacji,"Tabela ""CDN.RejestrOperacji"" w domenie Finanse-Księgowość. Tabela systemowa.","Tabela ""CDN.RejestrOperacji"" w domenie Finanse-Księgowość. Tabela systemowa.",b4603a75b64f16764b8d9eb5116fa9213bf683b94d2a95f0fde33197d8fd5cb0,76,CDN_TEST:TABLE:CDN.RejestrOperacji,,heuristic,pl,GENERAL_ERP
BD_CDN_TEST_TABLE_CDN_SRSRODZAJEU,CDN.SrsRodzajeU,"Tabela ""CDN.SrsRodzajeU"" w domenie Ogólne. Tabela systemowa.","Tabela ""CDN.SrsRodzajeU"" w domenie Ogólne. Tabela systemowa.",a05acbee740c4fdf0ad28684a79a06c05dd011babe812bd4a78dc7f11238af17,60,CDN_TEST:TABLE:CDN.SrsRodzajeU,,heuristic,pl,GENERAL_ERP
BD_CDN_TEST_TABLE_CDN_WYPSKLADNIKI,CDN.WypSkladniki,"Tabela ""CDN.WypSkladniki"" w domenie Ogólne. Tabela systemowa.","Tabela ""CDN.WypSkladniki"" w domenie Ogólne. Tabela systemowa.",fda3d596963cbe5ef63b9f15d8fffa6ca88331a2212f1cab1afc834df30ee0eb,61,CDN_TEST:TABLE:CDN.WypSkladniki,,heuristic,pl,HR_PAYROLL
BD_CDN_TEST_TABLE_CDN_DEFATRELEM,CDN.DefAtrElem,"Tabela ""CDN.DefAtrElem"" w domenie Ogólne. Tabela systemowa.","Tabela ""CDN.DefAtrElem"" w domenie Ogólne. Tabela systemowa.",2e5498575c0dce5a3037f63ebb4e69ab7b7405293b198e478f16c6257d42bd39,59,CDN_TEST:TABLE:CDN.DefAtrElem,,heuristic,pl,GENERAL_ERP
BD_CDN_TEST_TABLE_CDN_BNKZDARZENIAPODPISY,CDN.BnkZdarzeniaPodpisy,"Tabela ""CDN.BnkZdarzeniaPodpisy"" w domenie Ogólne. Tabela systemowa.","Tabela ""CDN.BnkZdarzeniaPodpisy"" w domenie Ogólne. Tabela systemowa.",066648512f5563376638571becaadd38be49d756f9f9eca448df2ec3816ff4a9,68,CDN_TEST:TABLE:CDN.BnkZdarzeniaPodpisy,,heuristic,pl,BANK_CASH
BD_CDN_TEST_TABLE_CDN_DZIENNIKI,CDN.Dzienniki,"Tabela ""CDN.Dzienniki"" w domenie Ogólne. Tabela systemowa.","Tabela ""CDN.Dzienniki"" w domenie Ogólne. Tabela systemowa.",40dceefb2c015881a6c7d5c9a199a99df2af3e9560479b5c698332a0b5681930,58,CDN_TEST:TABLE:CDN.Dzienniki,,heuristic,pl,GENERAL_ERP
BD_CDN_TEST_TABLE_CDN_REJESTROPERACJITYPYOPERACJI,CDN.RejestrOperacjiTypyOperacji,"Tabela ""CDN.RejestrOperacjiTypyOperacji"" w domenie Finanse-Księgowość. Tabela systemowa.","Tabela ""CDN.RejestrOperacjiTypyOperacji"" w domenie Finanse-Księgowość. Tabela systemowa.",2e7cd9af248838062c8dc1f8e39d3e876cd050658d918c1c9344915f5ea2290f,88,CDN_TEST:TABLE:CDN.RejestrOperacjiTypyOperacji,,heuristic,pl,GENERAL_ERP
BD_CDN_TEST_TABLE_CDN_CFGKURIERZYDEFPACZKI,CDN.CfgKurierzyDefPaczki,"Tabela ""CDN.CfgKurierzyDefPaczki"" w domenie Ogólne. Konfiguracja systemu — klucze i wartości konfiguracyjne.","Tabela ""CDN.CfgKurierzyDefPaczki"" w domenie Ogólne. Konfiguracja systemu — klucze i wartości konfiguracyjne.",5b1630f14cd94d6571e95c5da630c33d614a4c6fbc23032efb076b8c49843045,108,CDN_TEST:TABLE:CDN.CfgKurierzyDefPaczki,,heuristic,pl,CONFIGURATION_ADMIN
BD_CDN_TEST_TABLE_CDN_URZEDY,CDN.Urzedy,"Tabela ""CDN.Urzedy"" w domenie Ogólne. Tabela systemowa.","Tabela ""CDN.Urzedy"" w domenie Ogólne. Tabela systemowa.",43ed44f2aa8064c93f816801b3d8a51bc013dd70dc8fa2a48cff23811774b8fd,55,CDN_TEST:TABLE:CDN.Urzedy,,heuristic,pl,GENERAL_ERP
BD_CDN_TEST_TABLE_CDN_TWREAN,CDN.TwrEan,"Tabela ""CDN.TwrEan"" w domenie Ogólne. Tabela systemowa.","Tabela ""CDN.TwrEan"" w domenie Ogólne. Tabela systemowa.",de03320e0cba34b9cf7108f24edd5683890ee82ed5f97500caaad29450ea940d,55,CDN_TEST:TABLE:CDN.TwrEan,,heuristic,pl,PRODUCTS_WAREHOUSE
BD_CDN_TEST_TABLE_CDN_ESKLEPFORMYPLATNOSCIONLINE,CDN.eSklepFormyPlatnosciOnline,"Tabela ""CDN.eSklepFormyPlatnosciOnline"" w domenie Finanse-Księgowość. Formy płatności i terminy.","Tabela ""CDN.eSklepFormyPlatnosciOnline"" w domenie Finanse-Księgowość. Formy płatności i terminy.",8f4ec6738e5d8d82291017fe9e50e1bd72b1dfdd9b62d61e5d0b881e4b989c13,96,CDN_TEST:TABLE:CDN.eSklepFormyPlatnosciOnline,,heuristic,pl,GENERAL_ERP
BD_CDN_TEST_TABLE_CDN_BNKZDARZENIAAUTORYZACJE,CDN.BnkZdarzeniaAutoryzacje,"Tabela ""CDN.BnkZdarzeniaAutoryzacje"" w domenie Ogólne. Tabela systemowa.","Tabela ""CDN.BnkZdarzeniaAutoryzacje"" w domenie Ogólne. Tabela systemowa.",d2cbefd254c1774b333dd547bd106e08434bec25cfd63ed7b300af0933bf06dd,72,CDN_TEST:TABLE:CDN.BnkZdarzeniaAutoryzacje,,heuristic,pl,BANK_CASH
BD_CDN_TEST_TABLE_CDN_ESKLEPMAGAZYNY,CDN.eSklepMagazyny,"Tabela ""CDN.eSklepMagazyny"" w domenie Magazyn. Definicje magazynów i ich stany magazynowe.","Tabela ""CDN.eSklepMagazyny"" w domenie Magazyn. Definicje magazynów i ich stany magazynowe.",271e52d8709df1a10896c52c6367ee6655724753a2b27787bf859993fada8791,90,CDN_TEST:TABLE:CDN.eSklepMagazyny,,heuristic,pl,PRODUCTS_WAREHOUSE
BD_CDN_TEST_TABLE_CDN_DETALSTANOWISKA,CDN.DetalStanowiska,"Tabela ""CDN.DetalStanowiska"" w domenie Magazyn. Tabela systemowa.","Tabela ""CDN.DetalStanowiska"" w domenie Magazyn. Tabela systemowa.",d15b9ba6e84cb774fb31ae78bfcbc5a667586bd472141f2ad6d9ffc811db7320,65,CDN_TEST:TABLE:CDN.DetalStanowiska,,heuristic,pl,GENERAL_ERP
BD_CDN_TEST_TABLE_CDN_KOMPENSATYNAG,CDN.KompensatyNag,"Tabela ""CDN.KompensatyNag"" w domenie Ogólne. Tabela systemowa.","Tabela ""CDN.KompensatyNag"" w domenie Ogólne. Tabela systemowa.",138b9cebfddf035bb06365e7519738bbcf0d8023b028d55947b3bd0e2d64ac18,62,CDN_TEST:TABLE:CDN.KompensatyNag,,heuristic,pl,GENERAL_ERP
BD_CDN_TEST_TABLE_CDN_DEFATRYBUTY,CDN.DefAtrybuty,"Tabela ""CDN.DefAtrybuty"" w domenie Ogólne. Tabela systemowa.","Tabela ""CDN.DefAtrybuty"" w domenie Ogólne. Tabela systemowa.",092bcc07a03b744cccf20d91f6553ddbf9cd1abcc1e91b7f25582a070d10e215,60,CDN_TEST:TABLE:CDN.DefAtrybuty,,heuristic,pl,GENERAL_ERP
BD_CDN_TEST_TABLE_CDN_KONTAZAKAZY,CDN.KontaZakazy,"Tabela ""CDN.KontaZakazy"" w domenie Ogólne. Tabela systemowa.","Tabela ""CDN.KontaZakazy"" w domenie Ogólne. Tabela systemowa.",954a9d9c2e400e218e522aec31bb50b9a9700aee6322f4a3796bf61c53a9d455,60,CDN_TEST:TABLE:CDN.KontaZakazy,,heuristic,pl,CONTRACTORS_CRM
BD_CDN_TEST_TABLE_CDN_TWRSTAWKIVAT,CDN.TwrStawkiVAT,"Tabela ""CDN.TwrStawkiVAT"" w domenie Finanse-Księgowość. Tabela systemowa.","Tabela ""CDN.TwrStawkiVAT"" w domenie Finanse-Księgowość. Tabela systemowa.",f3e69432d09225699dc9016d2d9fbfa63a8fcb029ac32b7112dea4ca78c75bc7,73,CDN_TEST:TABLE:CDN.TwrStawkiVAT,,heuristic,pl,PRODUCTS_WAREHOUSE
BD_CDN_TEST_TABLE_CDN_AUTOTRASY,CDN.AutoTrasy,"Tabela ""CDN.AutoTrasy"" w domenie Ogólne. Tabela systemowa.","Tabela ""CDN.AutoTrasy"" w domenie Ogólne. Tabela systemowa.",e3474ac9c3e1a71280e47cd1315e9cca7aa28fc8ba565eac05f2ebc9da6620ff,58,CDN_TEST:TABLE:CDN.AutoTrasy,,heuristic,pl,GENERAL_ERP
BD_CDN_TEST_TABLE_CDN_PLIKIJPK,CDN.PlikiJPK,"Tabela ""CDN.PlikiJPK"" w domenie Ogólne. Tabela systemowa.","Tabela ""CDN.PlikiJPK"" w domenie Ogólne. Tabela systemowa.",ca88b7c9bb28bbb6220ffbb9011c2738c5f4d81d55146253ff9703db657425a0,57,CDN_TEST:TABLE:CDN.PlikiJPK,,heuristic,pl,COMPLIANCE_ACCOUNTING
BD_CDN_TEST_TABLE_CDN_REJESTROPERACJITYPYOBIEKTOW,CDN.RejestrOperacjiTypyObiektow,"Tabela ""CDN.RejestrOperacjiTypyObiektow"" w domenie Finanse-Księgowość. Tabela systemowa.","Tabela ""CDN.RejestrOperacjiTypyObiektow"" w domenie Finanse-Księgowość. Tabela systemowa.",62efe3d0ad48dd8b0778201912f36df251de9891c00261a7b590baf8c193ce70,88,CDN_TEST:TABLE:CDN.RejestrOperacjiTypyObiektow,,heuristic,pl,PRODUCTS_WAREHOUSE
BD_CDN_TEST_TABLE_CDN_PACZKIPRZELEWOWNAG,CDN.PaczkiPrzelewowNag,"Tabela ""CDN.PaczkiPrzelewowNag"" w domenie Ogólne. Tabela systemowa.","Tabela ""CDN.PaczkiPrzelewowNag"" w domenie Ogólne. Tabela systemowa.",8002bd8c95472a0cbd4f21a8007ffd43c93f25876ed80f35b8e5473fc1676f2a,67,CDN_TEST:TABLE:CDN.PaczkiPrzelewowNag,,heuristic,pl,GENERAL_ERP
BD_CDN_TEST_TABLE_CDN_ESKLEPWALUTY,CDN.eSklepWaluty,"Tabela ""CDN.eSklepWaluty"" w domenie Finanse-Księgowość. Definicje walut i kursów wymiany.","Tabela ""CDN.eSklepWaluty"" w domenie Finanse-Księgowość. Definicje walut i kursów wymiany.",f9966746e2124efc80a27d6a466cf1350b0d7b8989182b17fb132b49035b4016,89,CDN_TEST:TABLE:CDN.eSklepWaluty,,heuristic,pl,GENERAL_ERP
BD_CDN_TEST_TABLE_CDN_SRSURZADZENIA,CDN.SrsUrzadzenia,"Tabela ""CDN.SrsUrzadzenia"" w domenie Ogólne. Tabela systemowa.","Tabela ""CDN.SrsUrzadzenia"" w domenie Ogólne. Tabela systemowa.",51a224c41891433229db5956a248369312f8c3b0c71ae745380aedce0201d101,62,CDN_TEST:TABLE:CDN.SrsUrzadzenia,,heuristic,pl,GENERAL_ERP
BD_CDN_TEST_TABLE_CDN_KONTRAHENCI,CDN.Kontrahenci,"Tabela ""CDN.Kontrahenci"" w domenie Kontrahenci. Główna tabela kontrahentów — dane firmowe, NIP, REGON, adresy, dane kontaktowe.","Tabela ""CDN.Kontrahenci"" w domenie Kontrahenci. Główna tabela kontrahentów — dane firmowe, NIP, REGON, adresy, dane kontaktowe.",3b4fe00c247823eceddc5648b47db7bbeb1707734b1394f894bdb7f919c6be08,127,CDN_TEST:TABLE:CDN.Kontrahenci,,heuristic,pl,CONTRACTORS_CRM
BD_CDN_TEST_TABLE_CDN_TWRJMZ,CDN.TwrJMZ,"Tabela ""CDN.TwrJMZ"" w domenie Ogólne. Tabela systemowa.","Tabela ""CDN.TwrJMZ"" w domenie Ogólne. Tabela systemowa.",ddd2d8e58ae6565f3315c11ea8d16dc54d9b85f88f73662cce32e6aacddb6c0d,55,CDN_TEST:TABLE:CDN.TwrJMZ,,heuristic,pl,PRODUCTS_WAREHOUSE
BD_CDN_TEST_TABLE_CDN_CFGKURIERZYPOBRANIEFORMYPLAT,CDN.CfgKurierzyPobranieFormyPlat,"Tabela ""CDN.CfgKurierzyPobranieFormyPlat"" w domenie Ogólne. Konfiguracja systemu — klucze i wartości konfiguracyjne.","Tabela ""CDN.CfgKurierzyPobranieFormyPlat"" w domenie Ogólne. Konfiguracja systemu — klucze i wartości konfiguracyjne.",fb7ed7760c65e7ab9e940b414365e040d0af0d367b34d1a73b43d428e7b380cf,116,CDN_TEST:TABLE:CDN.CfgKurierzyPobranieFormyPlat,,heuristic,pl,CONFIGURATION_ADMIN
BD_CDN_TEST_TABLE_CDN_ESKLEPROCECHY,CDN.eSklepROCechy,"Tabela ""CDN.eSklepROCechy"" w domenie Ogólne. Tabela systemowa.","Tabela ""CDN.eSklepROCechy"" w domenie Ogólne. Tabela systemowa.",4141182b61072174dfbd43988071dc8e97b6c5347d23f29734789087b6c75661,62,CDN_TEST:TABLE:CDN.eSklepROCechy,,heuristic,pl,GENERAL_ERP
BD_CDN_TEST_TABLE_CDN_DZIENNIKZAKAZY,CDN.DziennikZakazy,"Tabela ""CDN.DziennikZakazy"" w domenie Ogólne. Tabela systemowa.","Tabela ""CDN.DziennikZakazy"" w domenie Ogólne. Tabela systemowa.",de27bc37200b7ee8fab284707eeeffb58b31dfdb5bd2395fa65397155e5faa43,63,CDN_TEST:TABLE:CDN.DziennikZakazy,,heuristic,pl,GENERAL_ERP
BD_CDN_TEST_TABLE_CDN_REJESTRUPOWAZNIEN,CDN.RejestrUpowaznien,"Tabela ""CDN.RejestrUpowaznien"" w domenie Finanse-Księgowość. Tabela systemowa.","Tabela ""CDN.RejestrUpowaznien"" w domenie Finanse-Księgowość. Tabela systemowa.",92884cbbbaf44da18b718de8c026372d597ef6951b779df8bd4287e01afc9b69,78,CDN_TEST:TABLE:CDN.RejestrUpowaznien,,heuristic,pl,GENERAL_ERP
BD_CDN_TEST_TABLE_CDN_RODZINA,CDN.Rodzina,"Tabela ""CDN.Rodzina"" w domenie Ogólne. Tabela systemowa.","Tabela ""CDN.Rodzina"" w domenie Ogólne. Tabela systemowa.",8235493692b3a549214ddb52d08a33e1b9182e90512c53827c03fb632aebf40a,56,CDN_TEST:TABLE:CDN.Rodzina,,heuristic,pl,GENERAL_ERP
BD_CDN_TEST_TABLE_CDN_GRUPYPOTRSKLADNIKI,CDN.GrupyPotrSkladniki,"Tabela ""CDN.GrupyPotrSkladniki"" w domenie Ogólne. Tabela systemowa.","Tabela ""CDN.GrupyPotrSkladniki"" w domenie Ogólne. Tabela systemowa.",8d2e39605b76d2bb5c8e8371742652afcc9331c3778fc978a7018f0778530677,67,CDN_TEST:TABLE:CDN.GrupyPotrSkladniki,,heuristic,pl,GENERAL_ERP
BD_CDN_TEST_TABLE_CDN_ZAMOWIENIEKURIERA,CDN.ZamowienieKuriera,"Tabela ""CDN.ZamowienieKuriera"" w domenie Handel. Tabela systemowa.","Tabela ""CDN.ZamowienieKuriera"" w domenie Handel. Tabela systemowa.",fee753df6d0705580ae0d48b29fa500e605ae1297e40e077b18556777cbc2710,66,CDN_TEST:TABLE:CDN.ZamowienieKuriera,,heuristic,pl,GENERAL_ERP
BD_CDN_TEST_TABLE_CDN_ESKLEPKNTRELACJE,CDN.eSklepKntRelacje,"Tabela ""CDN.eSklepKntRelacje"" w domenie Ogólne. Tabela systemowa.","Tabela ""CDN.eSklepKntRelacje"" w domenie Ogólne. Tabela systemowa.",f8367685e3b4c3d3e7b51de17eb1efcc8049a52815164f3ff7f1c26266ffa650,65,CDN_TEST:TABLE:CDN.eSklepKntRelacje,,heuristic,pl,GENERAL_ERP
BD_CDN_TEST_TABLE_CDN_EWIDDODELEM,CDN.EwidDodElem,"Tabela ""CDN.EwidDodElem"" w domenie Ogólne. Tabela systemowa.","Tabela ""CDN.EwidDodElem"" w domenie Ogólne. Tabela systemowa.",0c483a9121aaa992b47d840d7d697b2abb26351de986be636b842af1e4dbefa9,60,CDN_TEST:TABLE:CDN.EwidDodElem,,heuristic,pl,GENERAL_ERP
BD_CDN_TEST_TABLE_CDN_REJESTRACJAZGODFORMYKONTAKTU,CDN.RejestracjaZgodFormyKontaktu,"Tabela ""CDN.RejestracjaZgodFormyKontaktu"" w domenie Finanse-Księgowość. Tabela systemowa.","Tabela ""CDN.RejestracjaZgodFormyKontaktu"" w domenie Finanse-Księgowość. Tabela systemowa.",ddbfd4a90936f8831871eb8ecca9b33ba1532f70aa067c260e899fc696addb34,89,CDN_TEST:TABLE:CDN.RejestracjaZgodFormyKontaktu,,heuristic,pl,GENERAL_ERP
BD_CDN_TEST_TABLE_CDN_KOMPENSATYELEM,CDN.KompensatyElem,"Tabela ""CDN.KompensatyElem"" w domenie Ogólne. Tabela systemowa.","Tabela ""CDN.KompensatyElem"" w domenie Ogólne. Tabela systemowa.",f483706735a9a78a529cc5749a08757d70b4d883c0313396a2835c42cb80b076,63,CDN_TEST:TABLE:CDN.KompensatyElem,,heuristic,pl,GENERAL_ERP
BD_CDN_TEST_TABLE_CDN_SENDITPACZKI,CDN.SenditPaczki,"Tabela ""CDN.SenditPaczki"" w domenie Ogólne. Tabela systemowa.","Tabela ""CDN.SenditPaczki"" w domenie Ogólne. Tabela systemowa.",1447b83d1422abc7f631540840c4ebff138655386444111ec6913e751bb0be8f,61,CDN_TEST:TABLE:CDN.SenditPaczki,,heuristic,pl,GENERAL_ERP
BD_CDN_TEST_TABLE_CDN_HARMONOGRAM,CDN.Harmonogram,"Tabela ""CDN.Harmonogram"" w domenie Ogólne. Tabela systemowa.","Tabela ""CDN.Harmonogram"" w domenie Ogólne. Tabela systemowa.",f1dbc393f2b499a72502f4a1dbcd609f65ada57920684e9ced9e23343aeab4ec,60,CDN_TEST:TABLE:CDN.Harmonogram,,heuristic,pl,GENERAL_ERP
BD_CDN_TEST_TABLE_CDN_BNKBOMW,CDN.BnkBOMW,"Tabela ""CDN.BnkBOMW"" w domenie Ogólne. Tabela systemowa.","Tabela ""CDN.BnkBOMW"" w domenie Ogólne. Tabela systemowa.",a39bd932aee520c91484035eab5a09d31468de0c595c6e50080473290778a9e0,56,CDN_TEST:TABLE:CDN.BnkBOMW,,heuristic,pl,BANK_CASH
BD_CDN_TEST_TABLE_CDN_SMEKRAJE,CDN.SMEKraje,"Tabela ""CDN.SMEKraje"" w domenie Ogólne. Tabela systemowa.","Tabela ""CDN.SMEKraje"" w domenie Ogólne. Tabela systemowa.",61b676fa06c2a1ab8ea69f8d08516ee16019834e82d5004384638fded0c352fb,57,CDN_TEST:TABLE:CDN.SMEKraje,,heuristic,pl,GENERAL_ERP
BD_CDN_TEST_TABLE_CDN_URZRACHUNKI,CDN.UrzRachunki,"Tabela ""CDN.UrzRachunki"" w domenie Ogólne. Tabela systemowa.","Tabela ""CDN.UrzRachunki"" w domenie Ogólne. Tabela systemowa.",bcaccdf121e40e40dd36a1c859be29fe7c8b5b6121a6cf96c750e748f8f03812,60,CDN_TEST:TABLE:CDN.UrzRachunki,,heuristic,pl,GENERAL_ERP
BD_CDN_TEST_TABLE_CDN_TWRDOST,CDN.TwrDost,"Tabela ""CDN.TwrDost"" w domenie Ogólne. Tabela systemowa.","Tabela ""CDN.TwrDost"" w domenie Ogólne. Tabela systemowa.",e90146592de17d30079c9ab96a0383db550f2d3983b1cb9d33ead224f64f27f7,56,CDN_TEST:TABLE:CDN.TwrDost,,heuristic,pl,PRODUCTS_WAREHOUSE
BD_CDN_TEST_TABLE_CDN_KNTESKLEPY,CDN.KntESklepy,"Tabela ""CDN.KntESklepy"" w domenie Ogólne. Tabela systemowa.","Tabela ""CDN.KntESklepy"" w domenie Ogólne. Tabela systemowa.",79ed71af2547e0e62dd66c192aa67ee273aeb6c7e09a2ca2618cb8bf65a37cf2,59,CDN_TEST:TABLE:CDN.KntESklepy,,heuristic,pl,CONTRACTORS_CRM
BD_CDN_TEST_TABLE_CDN_EWIDDODNAG,CDN.EwidDodNag,"Tabela ""CDN.EwidDodNag"" w domenie Ogólne. Tabela systemowa.","Tabela ""CDN.EwidDodNag"" w domenie Ogólne. Tabela systemowa.",58569ebb9661f3948f47bad2e1a1c736641fcea74b722f7299a64b386d856ebe,59,CDN_TEST:TABLE:CDN.EwidDodNag,,heuristic,pl,GENERAL_ERP
BD_CDN_TEST_TABLE_CDN_PODARKUSZINWENELEM,CDN.PodArkuszInwenElem,"Tabela ""CDN.PodArkuszInwenElem"" w domenie Ogólne. Tabela systemowa.","Tabela ""CDN.PodArkuszInwenElem"" w domenie Ogólne. Tabela systemowa.",1a9f1c888acaa7f6e09ee615dd4698718d1ca92008f9221e6bd4c813475788bd,67,CDN_TEST:TABLE:CDN.PodArkuszInwenElem,,heuristic,pl,PRODUCTS_WAREHOUSE
BD_CDN_TEST_TABLE_CDN_OATRYBUTY,CDN.OAtrybuty,"Tabela ""CDN.OAtrybuty"" w domenie Ogólne. Tabela systemowa.","Tabela ""CDN.OAtrybuty"" w domenie Ogólne. Tabela systemowa.",25696021fd216304eb00bdd8e6f5bde8f6ef878dcde598a6e954d2d59c2f30ee,58,CDN_TEST:TABLE:CDN.OAtrybuty,,heuristic,pl,GENERAL_ERP
BD_CDN_TEST_TABLE_CDN_PACZKIPRZELEWOWELEM,CDN.PaczkiPrzelewowElem,"Tabela ""CDN.PaczkiPrzelewowElem"" w domenie Ogólne. Tabela systemowa.","Tabela ""CDN.PaczkiPrzelewowElem"" w domenie Ogólne. Tabela systemowa.",fa47e58842972f32dbf376dc6e151de7b8fa5d4fdd7f1001038ebd126c309f34,68,CDN_TEST:TABLE:CDN.PaczkiPrzelewowElem,,heuristic,pl,GENERAL_ERP
BD_CDN_TEST_TABLE_CDN_DETALSTANPLATNOSCIDOKUMENTU,CDN.DetalStanPlatnosciDokumentu,"Tabela ""CDN.DetalStanPlatnosciDokumentu"" w domenie Magazyn. Formy płatności i terminy.","Tabela ""CDN.DetalStanPlatnosciDokumentu"" w domenie Magazyn. Formy płatności i terminy.",3a8bd20ad558639bb4ad336116d5b59a7fb1c56016f3d85b11d2903c480cc9d0,86,CDN_TEST:TABLE:CDN.DetalStanPlatnosciDokumentu,,heuristic,pl,GENERAL_ERP
BD_CDN_TEST_TABLE_CDN_SENTZGLOSZENIA,CDN.SentZgloszenia,"Tabela ""CDN.SentZgloszenia"" w domenie CRM. Tabela systemowa.","Tabela ""CDN.SentZgloszenia"" w domenie CRM. Tabela systemowa.",f48b6fcd412cc8c0370235f59d4a43ab030f4b368e656e494975ae2df9431eee,60,CDN_TEST:TABLE:CDN.SentZgloszenia,,heuristic,pl,GENERAL_ERP
BD_CDN_TEST_TABLE_CDN_VATNAG,CDN.VatNag,"Tabela ""CDN.VatNag"" w domenie Ogólne. Tabela systemowa.","Tabela ""CDN.VatNag"" w domenie Ogólne. Tabela systemowa.",c5b7db1f39e88c1d4f0bdb93649dab9014e23d5937859363260d3218ead5977d,55,CDN_TEST:TABLE:CDN.VatNag,,heuristic,pl,COMPLIANCE_ACCOUNTING
BD_CDN_TEST_TABLE_CDN_TWRGRUPY,CDN.TwrGrupy,"Tabela ""CDN.TwrGrupy"" w domenie Ogólne. Tabela systemowa.","Tabela ""CDN.TwrGrupy"" w domenie Ogólne. Tabela systemowa.",30ad0a95182bb94040a97a04224ac91892fdaeb4180b367fb77ea7f467890577,57,CDN_TEST:TABLE:CDN.TwrGrupy,,heuristic,pl,PRODUCTS_WAREHOUSE
BD_CDN_TEST_TABLE_CDN_PODARKUSZINWENNAG,CDN.PodArkuszInwenNag,"Tabela ""CDN.PodArkuszInwenNag"" w domenie Ogólne. Tabela systemowa.","Tabela ""CDN.PodArkuszInwenNag"" w domenie Ogólne. Tabela systemowa.",a2b87d2e50b7b35481385a4fee44f16b405fec97168d0774f9910534b5ef3a48,66,CDN_TEST:TABLE:CDN.PodArkuszInwenNag,,heuristic,pl,PRODUCTS_WAREHOUSE
BD_CDN_TEST_TABLE_CDN_SRSZLECENIA,CDN.SrsZlecenia,"Tabela ""CDN.SrsZlecenia"" w domenie Magazyn. Tabela systemowa.","Tabela ""CDN.SrsZlecenia"" w domenie Magazyn. Tabela systemowa.",c2978250d355d729b6f55882c79a80163fa28f96c29fd6970fa9143079059ae9,61,CDN_TEST:TABLE:CDN.SrsZlecenia,,heuristic,pl,GENERAL_ERP
BD_CDN_TEST_TABLE_CDN_PACZKIPRZELEWOWAKCEPTACJE,CDN.PaczkiPrzelewowAkceptacje,"Tabela ""CDN.PaczkiPrzelewowAkceptacje"" w domenie Ogólne. Tabela systemowa.","Tabela ""CDN.PaczkiPrzelewowAkceptacje"" w domenie Ogólne. Tabela systemowa.",10c60c1a6876fa4a5d473881dc95c05e32b8b278dd2a54cedf87d12c9aac5268,74,CDN_TEST:TABLE:CDN.PaczkiPrzelewowAkceptacje,,heuristic,pl,GENERAL_ERP
BD_CDN_TEST_TABLE_CDN_RPTKOLEJKA2,CDN.RptKolejka2,"Tabela ""CDN.RptKolejka2"" w domenie Ogólne. Tabela systemowa.","Tabela ""CDN.RptKolejka2"" w domenie Ogólne. Tabela systemowa.",a331d6b9b151050d28a0a19fbadd484f07b9c2327757f120a2572d4b16d10b8d,60,CDN_TEST:TABLE:CDN.RptKolejka2,,heuristic,pl,GENERAL_ERP
BD_CDN_TEST_TABLE_CDN_KNTESKLEPYPRZEDSTAWICIELE,CDN.KntESklepyPrzedstawiciele,"Tabela ""CDN.KntESklepyPrzedstawiciele"" w domenie Ogólne. Tabela systemowa.","Tabela ""CDN.KntESklepyPrzedstawiciele"" w domenie Ogólne. Tabela systemowa.",332960e2495ee00bc3192b58ff0e3c2be3ecff065b2ab9336a3d64c24aaee872,74,CDN_TEST:TABLE:CDN.KntESklepyPrzedstawiciele,,heuristic,pl,PRODUCTS_WAREHOUSE
BD_CDN_TEST_TABLE_CDN_DETALSTANSTAWKIVAT,CDN.DetalStanStawkiVAT,"Tabela ""CDN.DetalStanStawkiVAT"" w domenie Magazyn. Tabela systemowa.","Tabela ""CDN.DetalStanStawkiVAT"" w domenie Magazyn. Tabela systemowa.",d38b47dd4535d40122792fc2c6bb1e81af77ba005d9895e22b0fad41cd4c6fe0,68,CDN_TEST:TABLE:CDN.DetalStanStawkiVAT,,heuristic,pl,GENERAL_ERP
BD_CDN_TEST_TABLE_CDN_TWRGRUPYATRYBUTY,CDN.TwrGrupyAtrybuty,"Tabela ""CDN.TwrGrupyAtrybuty"" w domenie Ogólne. Tabela systemowa.","Tabela ""CDN.TwrGrupyAtrybuty"" w domenie Ogólne. Tabela systemowa.",fadd409197c157314d32b3c5d2d069ac8da4103adbba3a99099c4890e105f6a2,65,CDN_TEST:TABLE:CDN.TwrGrupyAtrybuty,,heuristic,pl,PRODUCTS_WAREHOUSE
BD_CDN_TEST_TABLE_CDN_REJESTRACJAZGODFORMYKONTAKTUJEZYKOBCY,CDN.RejestracjaZgodFormyKontaktuJezykObcy,"Tabela ""CDN.RejestracjaZgodFormyKontaktuJezykObcy"" w domenie Finanse-Księgowość. Tabela systemowa.","Tabela ""CDN.RejestracjaZgodFormyKontaktuJezykObcy"" w domenie Finanse-Księgowość. Tabela systemowa.",8d8644634b1a77995a0c483f7b72c6c3a150b03bea76f4b2038b68c74c8530f8,98,CDN_TEST:TABLE:CDN.RejestracjaZgodFormyKontaktuJezykObcy,,heuristic,pl,GENERAL_ERP
BD_CDN_TEST_TABLE_CDN_RPTOBRAZY2,CDN.RptObrazy2,"Tabela ""CDN.RptObrazy2"" w domenie Ogólne. Tabela systemowa.","Tabela ""CDN.RptObrazy2"" w domenie Ogólne. Tabela systemowa.",da27137d8393044c2f1715152a762a6c55f7ba74f46d776213196d7585f88310,59,CDN_TEST:TABLE:CDN.RptObrazy2,,heuristic,pl,GENERAL_ERP
BD_CDN_TEST_TABLE_CDN_HARMONOGRAMLISTA,CDN.HarmonogramLista,"Tabela ""CDN.HarmonogramLista"" w domenie Ogólne. Tabela systemowa.","Tabela ""CDN.HarmonogramLista"" w domenie Ogólne. Tabela systemowa.",efcb7bfb4f768ac4dd8baf5f8c3abe2ff01a30943dca7256a459276bf6f247b0,65,CDN_TEST:TABLE:CDN.HarmonogramLista,,heuristic,pl,GENERAL_ERP
BD_CDN_TEST_TABLE_CDN_DETALSTANTOWARY,CDN.DetalStanTowary,"Tabela ""CDN.DetalStanTowary"" w domenie Magazyn. Kartoteka towarów — nazwy, kody, jednostki miary, stawki VAT, ceny.","Tabela ""CDN.DetalStanTowary"" w domenie Magazyn. Kartoteka towarów — nazwy, kody, jednostki miary, stawki VAT, ceny.",4456849a2ae80b7e45792c86bc2c178a0096a87a57a750487af9a678d4aaca7d,115,CDN_TEST:TABLE:CDN.DetalStanTowary,,heuristic,pl,PRODUCTS_WAREHOUSE
BD_CDN_TEST_TABLE_CDN_BOELEM,CDN.BOElem,"Tabela ""CDN.BOElem"" w domenie Ogólne. Tabela systemowa.","Tabela ""CDN.BOElem"" w domenie Ogólne. Tabela systemowa.",0e2ef1840eafac81785787d8a7c47ea225cea6e5e2162f2f9b8cdf43010dfe49,55,CDN_TEST:TABLE:CDN.BOElem,,heuristic,pl,GENERAL_ERP
BD_CDN_TEST_TABLE_CDN_WZORCE,CDN.Wzorce,"Tabela ""CDN.Wzorce"" w domenie Ogólne. Tabela systemowa.","Tabela ""CDN.Wzorce"" w domenie Ogólne. Tabela systemowa.",19c7d2fb6ac411574260fcaf06777b5caaac32568a997fc8f26a18bcd93d5f4b,55,CDN_TEST:TABLE:CDN.Wzorce,,heuristic,pl,TRADE_DOCUMENTS
BD_CDN_TEST_TABLE_CDN_RPTTEMP2,CDN.RptTemp2,"Tabela ""CDN.RptTemp2"" w domenie Ogólne. Tabela systemowa.","Tabela ""CDN.RptTemp2"" w domenie Ogólne. Tabela systemowa.",4bcd493e0a66bce239f3942dc6a79b0a19bf4e9f5a47af81d80addad257d8e60,57,CDN_TEST:TABLE:CDN.RptTemp2,,heuristic,pl,GENERAL_ERP
BD_CDN_TEST_TABLE_CDN_SENDITTYPYPACZEK,CDN.SenditTypyPaczek,"Tabela ""CDN.SenditTypyPaczek"" w domenie Ogólne. Tabela systemowa.","Tabela ""CDN.SenditTypyPaczek"" w domenie Ogólne. Tabela systemowa.",fc593b732b230fa00d47658fa7683106e4940537a5f7258402f9a5b90623af61,65,CDN_TEST:TABLE:CDN.SenditTypyPaczek,,heuristic,pl,GENERAL_ERP
BD_CDN_TEST_TABLE_CDN_HISWYKSZTAL,CDN.HisWyksztal,"Tabela ""CDN.HisWyksztal"" w domenie Ogólne. Tabela systemowa.","Tabela ""CDN.HisWyksztal"" w domenie Ogólne. Tabela systemowa.",a27c970b2fee562122890074d31b3610ce1cf57ec8c673bf8a11652cff061ae9,60,CDN_TEST:TABLE:CDN.HisWyksztal,,heuristic,pl,GENERAL_ERP
BD_CDN_TEST_TABLE_CDN_TWRGRUPYJEZYKOBCY,CDN.TwrGrupyJezykObcy,"Tabela ""CDN.TwrGrupyJezykObcy"" w domenie Ogólne. Tabela systemowa.","Tabela ""CDN.TwrGrupyJezykObcy"" w domenie Ogólne. Tabela systemowa.",9279751f34389a0abb6874c6bec47f1e376e456e869131ca2c21ad8defa7171f,66,CDN_TEST:TABLE:CDN.TwrGrupyJezykObcy,,heuristic,pl,PRODUCTS_WAREHOUSE
BD_CDN_TEST_TABLE_CDN_ESKLEPSTANOWISKA,CDN.eSklepStanowiska,"Tabela ""CDN.eSklepStanowiska"" w domenie Magazyn. Tabela systemowa.","Tabela ""CDN.eSklepStanowiska"" w domenie Magazyn. Tabela systemowa.",6d151da0254f2a4e8742115908b17565a108a875aa86b5bdb0b899beca1fa29e,66,CDN_TEST:TABLE:CDN.eSklepStanowiska,,heuristic,pl,GENERAL_ERP
BD_CDN_TEST_TABLE_CDN_REJESTRACJAZGODZRODLO,CDN.RejestracjaZgodZrodlo,"Tabela ""CDN.RejestracjaZgodZrodlo"" w domenie Finanse-Księgowość. Tabela systemowa.","Tabela ""CDN.RejestracjaZgodZrodlo"" w domenie Finanse-Księgowość. Tabela systemowa.",ffc0f95a1059a950d07fdd07c4ed95121acdb059507d1b8f2090e299bb9e9c31,82,CDN_TEST:TABLE:CDN.RejestracjaZgodZrodlo,,heuristic,pl,GENERAL_ERP
BD_CDN_TEST_TABLE_CDN_DEFCENY,CDN.DefCeny,"Tabela ""CDN.DefCeny"" w domenie Magazyn. Tabela systemowa.","Tabela ""CDN.DefCeny"" w domenie Magazyn. Tabela systemowa.",cb272294b77385c7fe7a70428b2972f1376b4ac19411c4871ffb6ef98b4e6488,57,CDN_TEST:TABLE:CDN.DefCeny,,heuristic,pl,GENERAL_ERP
BD_CDN_TEST_TABLE_CDN_BONAG,CDN.BONag,"Tabela ""CDN.BONag"" w domenie Ogólne. Tabela systemowa.","Tabela ""CDN.BONag"" w domenie Ogólne. Tabela systemowa.",9894b2e8230555b439cf848f4a0fa9f83181538247a1fe66b4f5ec73646475ad,54,CDN_TEST:TABLE:CDN.BONag,,heuristic,pl,GENERAL_ERP
BD_CDN_TEST_TABLE_CDN_TRSBLAD,CDN.TrSBlad,"Tabela ""CDN.TrSBlad"" w domenie Ogólne. Tabela systemowa.","Tabela ""CDN.TrSBlad"" w domenie Ogólne. Tabela systemowa.",411f5355d31086485aa552fa68c5027df4bd5c5a87757d8abded63d0487ce920,56,CDN_TEST:TABLE:CDN.TrSBlad,,heuristic,pl,GENERAL_ERP
BD_CDN_TEST_TABLE_CDN_PRACIDX,CDN.Pracidx,"Tabela ""CDN.Pracidx"" w domenie Ogólne. Tabela systemowa.","Tabela ""CDN.Pracidx"" w domenie Ogólne. Tabela systemowa.",972525029252c4daf1dcfb1bf43fbb4a31b6ee98c1a8f0c9ddb8cecfc1da1eae,56,CDN_TEST:TABLE:CDN.Pracidx,,heuristic,pl,HR_PAYROLL
BD_CDN_TEST_TABLE_CDN_DETALSTANTWREAN,CDN.DetalStanTwrEan,"Tabela ""CDN.DetalStanTwrEan"" w domenie Magazyn. Tabela systemowa.","Tabela ""CDN.DetalStanTwrEan"" w domenie Magazyn. Tabela systemowa.",e11ae708f677bd036161cb75d7e1d3f3bb3ba0213aa5ff55cde7e290da9b6da9,65,CDN_TEST:TABLE:CDN.DetalStanTwrEan,,heuristic,pl,PRODUCTS_WAREHOUSE
BD_CDN_TEST_TABLE_CDN_OATRYBUTYGRUPY,CDN.OAtrybutyGrupy,"Tabela ""CDN.OAtrybutyGrupy"" w domenie Ogólne. Tabela systemowa.","Tabela ""CDN.OAtrybutyGrupy"" w domenie Ogólne. Tabela systemowa.",a8efa73c39a8dc859c3f7baa515d7fef2e7cbad4016a885945f98755cfed4019,63,CDN_TEST:TABLE:CDN.OAtrybutyGrupy,,heuristic,pl,GENERAL_ERP
BD_CDN_TEST_TABLE_CDN_RPTZAZNACZENIA2,CDN.RptZaznaczenia2,"Tabela ""CDN.RptZaznaczenia2"" w domenie Ogólne. Tabela systemowa.","Tabela ""CDN.RptZaznaczenia2"" w domenie Ogólne. Tabela systemowa.",ed07502fe1649f761de3bc68d950c8f2e11e7ef7b42b32731735fb9735a9de37,64,CDN_TEST:TABLE:CDN.RptZaznaczenia2,,heuristic,pl,GENERAL_ERP
BD_CDN_TEST_TABLE_CDN_TRSBLADOPER,CDN.TrSBladOper,"Tabela ""CDN.TrSBladOper"" w domenie Ogólne. Tabela systemowa.","Tabela ""CDN.TrSBladOper"" w domenie Ogólne. Tabela systemowa.",85eab363c177b8877b771793416449268f71e7d8cb40e2d331d6645a9d73e5d2,60,CDN_TEST:TABLE:CDN.TrSBladOper,,heuristic,pl,GENERAL_ERP
BD_CDN_TEST_TABLE_CDN_BNKDOKELEM,CDN.BnkDokElem,"Tabela ""CDN.BnkDokElem"" w domenie Ogólne. Tabela systemowa.","Tabela ""CDN.BnkDokElem"" w domenie Ogólne. Tabela systemowa.",ee01c7dfeac4f84671340d6c77c12ecdfc3743f2a432d9f4fb8054267c47296a,59,CDN_TEST:TABLE:CDN.BnkDokElem,,heuristic,pl,BANK_CASH
BD_CDN_TEST_TABLE_CDN_DOKUMENTYDOSTAWYELEM,CDN.DokumentyDostawyElem,"Tabela ""CDN.DokumentyDostawyElem"" w domenie Handel. Tabela systemowa.","Tabela ""CDN.DokumentyDostawyElem"" w domenie Handel. Tabela systemowa.",5f931fa931badb4b102e042c073afbb5e86b17d8589ec5565312a2cc691b8993,69,CDN_TEST:TABLE:CDN.DokumentyDostawyElem,,heuristic,pl,TRADE_DOCUMENTS
BD_CDN_TEST_TABLE_CDN_DEFETAPY,CDN.DefEtapy,"Tabela ""CDN.DefEtapy"" w domenie Ogólne. Tabela systemowa.","Tabela ""CDN.DefEtapy"" w domenie Ogólne. Tabela systemowa.",695811df59242afc483fa369597b5bd5141460391f7a12692d012b9590b43b56,57,CDN_TEST:TABLE:CDN.DefEtapy,,heuristic,pl,GENERAL_ERP
BD_CDN_TEST_TABLE_CDN_AWIZOTYPYTRANSPORTU,CDN.AwizoTypyTransportu,"Tabela ""CDN.AwizoTypyTransportu"" w domenie Ogólne. Tabela systemowa.","Tabela ""CDN.AwizoTypyTransportu"" w domenie Ogólne. Tabela systemowa.",0fb73bbeb11f83fafe8814e6dab139281c297c795a0e19e6a92e15e3c5e29308,68,CDN_TEST:TABLE:CDN.AwizoTypyTransportu,,heuristic,pl,GENERAL_ERP
BD_CDN_TEST_TABLE_CDN_PODMIOTYVIEW,CDN.PodmiotyView,"Tabela ""CDN.PodmiotyView"" w domenie Ogólne. Tabela systemowa.","Tabela ""CDN.PodmiotyView"" w domenie Ogólne. Tabela systemowa.",e066ed18bf87f26493a9037134d2a1042d6eea77b33df43055e7539305ff9440,61,CDN_TEST:TABLE:CDN.PodmiotyView,,heuristic,pl,CONTRACTORS_CRM
BD_CDN_TEST_TABLE_CDN_DETALSTANTWRJMZ,CDN.DetalStanTwrJMZ,"Tabela ""CDN.DetalStanTwrJMZ"" w domenie Magazyn. Tabela systemowa.","Tabela ""CDN.DetalStanTwrJMZ"" w domenie Magazyn. Tabela systemowa.",40a8e8f711c35fa913354c61d1d2322c84d10deaf6d8fd8c87905f5bd49e5871,65,CDN_TEST:TABLE:CDN.DetalStanTwrJMZ,,heuristic,pl,PRODUCTS_WAREHOUSE
BD_CDN_TEST_TABLE_CDN_OATRYBUTYGRUPYLINKI,CDN.OAtrybutyGrupyLinki,"Tabela ""CDN.OAtrybutyGrupyLinki"" w domenie Ogólne. Tabela systemowa.","Tabela ""CDN.OAtrybutyGrupyLinki"" w domenie Ogólne. Tabela systemowa.",b28a9e4c2898849ce52691432eef52b7ed1d622df755a16cc84b6299deac2009,68,CDN_TEST:TABLE:CDN.OAtrybutyGrupyLinki,,heuristic,pl,GENERAL_ERP
BD_CDN_TEST_TABLE_CDN_RYCZALT,CDN.Ryczalt,"Tabela ""CDN.Ryczalt"" w domenie Ogólne. Tabela systemowa.","Tabela ""CDN.Ryczalt"" w domenie Ogólne. Tabela systemowa.",440b3a2f0972968fd6d9e8129b8e696ee102c94070eb2f111deb11557fd4bdae,56,CDN_TEST:TABLE:CDN.Ryczalt,,heuristic,pl,GENERAL_ERP
BD_CDN_TEST_TABLE_CDN_BNKDOKNAG,CDN.BnkDokNag,"Tabela ""CDN.BnkDokNag"" w domenie Ogólne. Tabela systemowa.","Tabela ""CDN.BnkDokNag"" w domenie Ogólne. Tabela systemowa.",373be46cf39ed20477dc723a40dfc54381189620f979bc3519329d41f6db3c67,58,CDN_TEST:TABLE:CDN.BnkDokNag,,heuristic,pl,BANK_CASH
BD_CDN_TEST_TABLE_CDN_DOKUMENTYDOSTAWYHISTORIA,CDN.DokumentyDostawyHistoria,"Tabela ""CDN.DokumentyDostawyHistoria"" w domenie Handel. Tabela systemowa.","Tabela ""CDN.DokumentyDostawyHistoria"" w domenie Handel. Tabela systemowa.",4e0c2afa3275a2fe14d41d8783e80eb2cd0e69a365479c329680d1c39b04ee9b,73,CDN_TEST:TABLE:CDN.DokumentyDostawyHistoria,,heuristic,pl,TRADE_DOCUMENTS
BD_CDN_TEST_TABLE_CDN_DEFINICJAZMIAN,CDN.DefinicjaZmian,"Tabela ""CDN.DefinicjaZmian"" w domenie Ogólne. Tabela systemowa.","Tabela ""CDN.DefinicjaZmian"" w domenie Ogólne. Tabela systemowa.",e85d5aa8d879c81dec7c85db6f003209e3e23d0190410fcf29463f06f9b03ada,63,CDN_TEST:TABLE:CDN.DefinicjaZmian,,heuristic,pl,GENERAL_ERP
BD_CDN_TEST_TABLE_CDN_AWIZOWARUNKIDOSTAWY,CDN.AwizoWarunkiDostawy,"Tabela ""CDN.AwizoWarunkiDostawy"" w domenie Magazyn. Tabela systemowa.","Tabela ""CDN.AwizoWarunkiDostawy"" w domenie Magazyn. Tabela systemowa.",e23ad8dc74334df8ece0f08543a376be0c0e4a37a80b092d8631610669efd314,69,CDN_TEST:TABLE:CDN.AwizoWarunkiDostawy,,heuristic,pl,GENERAL_ERP
BD_CDN_TEST_TABLE_CDN_WZORWARTOSCI,CDN.WzorWartosci,"Tabela ""CDN.WzorWartosci"" w domenie Ogólne. Tabela systemowa.","Tabela ""CDN.WzorWartosci"" w domenie Ogólne. Tabela systemowa.",43d66d12540c9c8f5ca031f554efe5fac3072bbb3d7184fa2920f82159196b4c,61,CDN_TEST:TABLE:CDN.WzorWartosci,,heuristic,pl,TRADE_DOCUMENTS
BD_CDN_TEST_TABLE_CDN_DETALSTANTRAELEM,CDN.DetalStanTraElem,"Tabela ""CDN.DetalStanTraElem"" w domenie Handel. Pozycje (wiersze) dokumentów handlowych — artykuły, usługi, kwoty w dokumentach.","Tabela ""CDN.DetalStanTraElem"" w domenie Handel. Pozycje (wiersze) dokumentów handlowych — artykuły, usługi, kwoty w dokumentach.",8c21e544bde08872569faf868ad5504bf1e71ac2837b4604500dc57a88e8120a,128,CDN_TEST:TABLE:CDN.DetalStanTraElem,,heuristic,pl,GENERAL_ERP
BD_CDN_TEST_TABLE_CDN_OATRYBUTYHIST,CDN.OAtrybutyHist,"Tabela ""CDN.OAtrybutyHist"" w domenie Ogólne. Tabela systemowa.","Tabela ""CDN.OAtrybutyHist"" w domenie Ogólne. Tabela systemowa.",11f07bbbb8e1ddbec972aa563bdb9a717318f32545fa10d43a7497001a4d8227,62,CDN_TEST:TABLE:CDN.OAtrybutyHist,,heuristic,pl,GENERAL_ERP
BD_CDN_TEST_TABLE_CDN_HISZATRUD,CDN.HisZatrud,"Tabela ""CDN.HisZatrud"" w domenie Ogólne. Tabela systemowa.","Tabela ""CDN.HisZatrud"" w domenie Ogólne. Tabela systemowa.",18b628edecafed51a8bdf0476f48dcfb35ea3966579a6a20c196dd02b819ae30,58,CDN_TEST:TABLE:CDN.HisZatrud,,heuristic,pl,GENERAL_ERP
BD_CDN_TEST_TABLE_CDN_TWRILOSCI,CDN.TwrIlosci,"Tabela ""CDN.TwrIlosci"" w domenie Ogólne. Tabela systemowa.","Tabela ""CDN.TwrIlosci"" w domenie Ogólne. Tabela systemowa.",30339ed59cef79cfb135685a5a4f90970f2554bf613cf74bee5cced7f2924671,58,CDN_TEST:TABLE:CDN.TwrIlosci,,heuristic,pl,PRODUCTS_WAREHOUSE
BD_CDN_TEST_TABLE_CDN_PRACKARTYRCP,CDN.PracKartyRcp,"Tabela ""CDN.PracKartyRcp"" w domenie Ogólne. Tabela systemowa.","Tabela ""CDN.PracKartyRcp"" w domenie Ogólne. Tabela systemowa.",a737acc8b3ce3ccbc6e99119e0be957891cdf1c4a85489c870a821400481ef22,61,CDN_TEST:TABLE:CDN.PracKartyRcp,,heuristic,pl,HR_PAYROLL
BD_CDN_TEST_TABLE_CDN_PRACKWOTYWLASC,CDN.PracKwotyWlasc,"Tabela ""CDN.PracKwotyWlasc"" w domenie Ogólne. Tabela systemowa.","Tabela ""CDN.PracKwotyWlasc"" w domenie Ogólne. Tabela systemowa.",a970cd9e7856cf4857f34b0e25ead4b51207fd6999f0aca44f109f0873a02dd8,63,CDN_TEST:TABLE:CDN.PracKwotyWlasc,,heuristic,pl,HR_PAYROLL
BD_CDN_TEST_TABLE_CDN_REJESTRACJAZGODKATEGORIE,CDN.RejestracjaZgodKategorie,"Tabela ""CDN.RejestracjaZgodKategorie"" w domenie Finanse-Księgowość. Tabela systemowa.","Tabela ""CDN.RejestracjaZgodKategorie"" w domenie Finanse-Księgowość. Tabela systemowa.",e4f9aedaa104e5933d7a5a9cc8aa2a2086f02795eff8c5a9e6a2f8ea27cc9dd6,85,CDN_TEST:TABLE:CDN.RejestracjaZgodKategorie,,heuristic,pl,GENERAL_ERP
BD_CDN_TEST_TABLE_CDN_DEFINICJAZMIANPOLA,CDN.DefinicjaZmianPola,"Tabela ""CDN.DefinicjaZmianPola"" w domenie Ogólne. Tabela systemowa.","Tabela ""CDN.DefinicjaZmianPola"" w domenie Ogólne. Tabela systemowa.",7139d964433096eeddb0ce0a1b1668d52e69cdd2868e839aac3f3cc913df8138,67,CDN_TEST:TABLE:CDN.DefinicjaZmianPola,,heuristic,pl,GENERAL_ERP
BD_CDN_TEST_TABLE_CDN_BNKCERTYFIKATY,CDN.BnkCertyfikaty,"Tabela ""CDN.BnkCertyfikaty"" w domenie Ogólne. Tabela systemowa.","Tabela ""CDN.BnkCertyfikaty"" w domenie Ogólne. Tabela systemowa.",75c6365732ea2c038148cd72f6211453fa7e04e4dc837136eb061265812d4502,63,CDN_TEST:TABLE:CDN.BnkCertyfikaty,,heuristic,pl,BANK_CASH
BD_CDN_TEST_TABLE_CDN_AWIZOTYPYOPAKOWAN,CDN.AwizoTypyOpakowan,"Tabela ""CDN.AwizoTypyOpakowan"" w domenie Ogólne. Tabela systemowa.","Tabela ""CDN.AwizoTypyOpakowan"" w domenie Ogólne. Tabela systemowa.",44df63819fd5b531ab4e2d0b529429668871e64a943f6a8326b3f6438c410e74,66,CDN_TEST:TABLE:CDN.AwizoTypyOpakowan,,heuristic,pl,GENERAL_ERP
BD_CDN_TEST_TABLE_CDN_ZALICZKI,CDN.Zaliczki,"Tabela ""CDN.Zaliczki"" w domenie Ogólne. Tabela systemowa.","Tabela ""CDN.Zaliczki"" w domenie Ogólne. Tabela systemowa.",2307e03093e840e178ea86115761c2d6e2eff20b106c8ddc38b08508368fc7bd,57,CDN_TEST:TABLE:CDN.Zaliczki,,heuristic,pl,GENERAL_ERP
BD_CDN_TEST_TABLE_CDN_PRACKOD,CDN.PracKod,"Tabela ""CDN.PracKod"" w domenie Ogólne. Tabela systemowa.","Tabela ""CDN.PracKod"" w domenie Ogólne. Tabela systemowa.",488c2232a2d77dd9ec40b7a31b3881450c562711fa363bf3df5495a3d0420ce7,56,CDN_TEST:TABLE:CDN.PracKod,,heuristic,pl,HR_PAYROLL
BD_CDN_TEST_TABLE_CDN_PODTYPWYPLATA,CDN.PodtypWyplata,"Tabela ""CDN.PodtypWyplata"" w domenie Ogólne. Tabela systemowa.","Tabela ""CDN.PodtypWyplata"" w domenie Ogólne. Tabela systemowa.",2448d753f677f12db3e8ea32eb90322f5f14e528bfba0fde36fccefa812ec504,62,CDN_TEST:TABLE:CDN.PodtypWyplata,,heuristic,pl,HR_PAYROLL
BD_CDN_TEST_TABLE_CDN_REJESTRACJAZGODTRESC,CDN.RejestracjaZgodTresc,"Tabela ""CDN.RejestracjaZgodTresc"" w domenie Finanse-Księgowość. Tabela systemowa.","Tabela ""CDN.RejestracjaZgodTresc"" w domenie Finanse-Księgowość. Tabela systemowa.",8cd292a0db598a2ef2d4b48e985ef7b7d1e9371d790083bd02dd17287204de75,81,CDN_TEST:TABLE:CDN.RejestracjaZgodTresc,,heuristic,pl,GENERAL_ERP
BD_CDN_TEST_TABLE_CDN_OATRYBUTYKLASY,CDN.OAtrybutyKlasy,"Tabela ""CDN.OAtrybutyKlasy"" w domenie Ogólne. Tabela systemowa.","Tabela ""CDN.OAtrybutyKlasy"" w domenie Ogólne. Tabela systemowa.",20bdd085b6f4968148cc525a5fc8da805b596ab7ec65ff17ab918c7742c3a1d6,63,CDN_TEST:TABLE:CDN.OAtrybutyKlasy,,heuristic,pl,GENERAL_ERP
BD_CDN_TEST_TABLE_CDN_DEFINICJESTREF,CDN.DefinicjeStref,"Tabela ""CDN.DefinicjeStref"" w domenie Ogólne. Tabela systemowa.","Tabela ""CDN.DefinicjeStref"" w domenie Ogólne. Tabela systemowa.",8d7eeae8db7a24a32275025f7ad472873f9f30553ec174298e0d157e83d1fa13,63,CDN_TEST:TABLE:CDN.DefinicjeStref,,heuristic,pl,GENERAL_ERP
BD_CDN_TEST_TABLE_CDN_AWIZO,CDN.Awizo,"Tabela ""CDN.Awizo"" w domenie Ogólne. Tabela systemowa.","Tabela ""CDN.Awizo"" w domenie Ogólne. Tabela systemowa.",2c9e637993971861b24d80e9e4c5debb52fbfd97b2de7a348806286925e21ea6,54,CDN_TEST:TABLE:CDN.Awizo,,heuristic,pl,GENERAL_ERP
BD_CDN_TEST_TABLE_CDN_TWRJEZYKOBCY,CDN.TwrJezykObcy,"Tabela ""CDN.TwrJezykObcy"" w domenie Ogólne. Tabela systemowa.","Tabela ""CDN.TwrJezykObcy"" w domenie Ogólne. Tabela systemowa.",04de699e6eaff1c3bd4f6c21337478eb8d9d3877190ea890ce6f1f0a500951d5,61,CDN_TEST:TABLE:CDN.TwrJezykObcy,,heuristic,pl,PRODUCTS_WAREHOUSE
BD_CDN_TEST_TABLE_CDN_DETALSTANTRANAG,CDN.DetalStanTraNag,"Tabela ""CDN.DetalStanTraNag"" w domenie Handel. Nagłówki dokumentów handlowych — faktury sprzedaży, zakupu, korekty, zamówienia, paragony.","Tabela ""CDN.DetalStanTraNag"" w domenie Handel. Nagłówki dokumentów handlowych — faktury sprzedaży, zakupu, korekty, zamówienia, paragony.",0b3d349fe2a13a2b69cab52fd14fa6c4948369a860217015a4aa5acebabd5d6f,137,CDN_TEST:TABLE:CDN.DetalStanTraNag,,heuristic,pl,GENERAL_ERP
BD_CDN_TEST_TABLE_CDN_BUDZETELEM,CDN.BudzetElem,"Tabela ""CDN.BudzetElem"" w domenie Finanse-Księgowość. Tabela systemowa.","Tabela ""CDN.BudzetElem"" w domenie Finanse-Księgowość. Tabela systemowa.",d20abeb8474e380078632c82c243d93334c63497de57f8eee0454fbf66bcdce2,71,CDN_TEST:TABLE:CDN.BudzetElem,,heuristic,pl,GENERAL_ERP
BD_CDN_TEST_TABLE_CDN_PRACDIETY,CDN.PracDiety,"Tabela ""CDN.PracDiety"" w domenie Ogólne. Tabela systemowa.","Tabela ""CDN.PracDiety"" w domenie Ogólne. Tabela systemowa.",50d0f607d38a53a4d06a561a9505f2d22aa9d5d32f8a0b9895984bb09c5d30b9,58,CDN_TEST:TABLE:CDN.PracDiety,,heuristic,pl,HR_PAYROLL
BD_CDN_TEST_TABLE_CDN_PORECZYCIELE,CDN.Poreczyciele,"Tabela ""CDN.Poreczyciele"" w domenie Ogólne. Tabela systemowa.","Tabela ""CDN.Poreczyciele"" w domenie Ogólne. Tabela systemowa.",bea7b669293d8bc8999cacf8d1985bf4a5f6162b7dbda2966f39d73361071e38,61,CDN_TEST:TABLE:CDN.Poreczyciele,,heuristic,pl,GENERAL_ERP
BD_CDN_TEST_TABLE_CDN_WYPELEMENTYPODSTAWA,CDN.WypElementyPodstawa,"Tabela ""CDN.WypElementyPodstawa"" w domenie Ogólne. Tabela systemowa.","Tabela ""CDN.WypElementyPodstawa"" w domenie Ogólne. Tabela systemowa.",ed0e0d6abd415636362056486be6ab2bcd063b35c1af0f1769bebfe822063e66,68,CDN_TEST:TABLE:CDN.WypElementyPodstawa,,heuristic,pl,PRODUCTS_WAREHOUSE
BD_CDN_TEST_TABLE_CDN_SRSCYKLNAG,CDN.SrsCyklNag,"Tabela ""CDN.SrsCyklNag"" w domenie Ogólne. Tabela systemowa.","Tabela ""CDN.SrsCyklNag"" w domenie Ogólne. Tabela systemowa.",e71e5e8329349d45bdccd2db494697cdbe92b1b76a91a3b07a8c2bcfd29eee89,59,CDN_TEST:TABLE:CDN.SrsCyklNag,,heuristic,pl,GENERAL_ERP
BD_CDN_TEST_TABLE_CDN_ZAMIENNIKI,CDN.Zamienniki,"Tabela ""CDN.Zamienniki"" w domenie Ogólne. Tabela systemowa.","Tabela ""CDN.Zamienniki"" w domenie Ogólne. Tabela systemowa.",f47acf2859e4adef478e12605b96363bcf6718e350274356fa919c77fa9dd603,59,CDN_TEST:TABLE:CDN.Zamienniki,,heuristic,pl,GENERAL_ERP
BD_CDN_TEST_TABLE_CDN_OATRYBUTYKLASYELEM,CDN.OAtrybutyKlasyElem,"Tabela ""CDN.OAtrybutyKlasyElem"" w domenie Ogólne. Tabela systemowa.","Tabela ""CDN.OAtrybutyKlasyElem"" w domenie Ogólne. Tabela systemowa.",4500c64948689deb22850ce843d3c06437409cab57a5858506cfdfbe9adde06e,67,CDN_TEST:TABLE:CDN.OAtrybutyKlasyElem,,heuristic,pl,GENERAL_ERP
BD_CDN_TEST_TABLE_CDN_SRSCZESCIDOST,CDN.SrsCzesciDost,"Tabela ""CDN.SrsCzesciDost"" w domenie Ogólne. Tabela systemowa.","Tabela ""CDN.SrsCzesciDost"" w domenie Ogólne. Tabela systemowa.",1a50392a721a29d9c8c713b390e90b45614711c8145b5044b6f00018368d5560,62,CDN_TEST:TABLE:CDN.SrsCzesciDost,,heuristic,pl,GENERAL_ERP
BD_CDN_TEST_TABLE_CDN_DETALSTANZAPISYKB,CDN.DetalStanZapisyKB,"Tabela ""CDN.DetalStanZapisyKB"" w domenie Magazyn. Tabela systemowa.","Tabela ""CDN.DetalStanZapisyKB"" w domenie Magazyn. Tabela systemowa.",b9bf38378253336af33c4ba7ed257cfaf9d7b4d0252cbe684d70e5ab8bdfcaa7,67,CDN_TEST:TABLE:CDN.DetalStanZapisyKB,,heuristic,pl,GENERAL_ERP
BD_CDN_TEST_TABLE_CDN_TRAELEM,CDN.TraElem,"Tabela ""CDN.TraElem"" w domenie Handel. Pozycje (wiersze) dokumentów handlowych — artykuły, usługi, kwoty w dokumentach.","Tabela ""CDN.TraElem"" w domenie Handel. Pozycje (wiersze) dokumentów handlowych — artykuły, usługi, kwoty w dokumentach.",1295ff0f532b84b5d923c9dbb75fa83199cf3fb6bf5d24913b2e11f01c5a620c,119,CDN_TEST:TABLE:CDN.TraElem,,heuristic,pl,TRADE_DOCUMENTS
BD_CDN_TEST_TABLE_CDN_WYPELEMENTYPODSTAWAELEM,CDN.WypElementyPodstawaElem,"Tabela ""CDN.WypElementyPodstawaElem"" w domenie Ogólne. Tabela systemowa.","Tabela ""CDN.WypElementyPodstawaElem"" w domenie Ogólne. Tabela systemowa.",950414eeac3eceeb646496dfaa8faf60f4282eaa59ae785705fead092a4f7d57,72,CDN_TEST:TABLE:CDN.WypElementyPodstawaElem,,heuristic,pl,PRODUCTS_WAREHOUSE
BD_CDN_TEST_TABLE_CDN_AWIZOOPAKOWANIA,CDN.AwizoOpakowania,"Tabela ""CDN.AwizoOpakowania"" w domenie Ogólne. Tabela systemowa.","Tabela ""CDN.AwizoOpakowania"" w domenie Ogólne. Tabela systemowa.",d77a961c7bff451687c5817832fe049a90053830845da2e71c632ccdf40cf622,64,CDN_TEST:TABLE:CDN.AwizoOpakowania,,heuristic,pl,GENERAL_ERP
BD_CDN_TEST_TABLE_CDN_TWRJM,CDN.TwrJm,"Tabela ""CDN.TwrJm"" w domenie Ogólne. Tabela systemowa.","Tabela ""CDN.TwrJm"" w domenie Ogólne. Tabela systemowa.",cb6493b32e16d4fc871c6c0a1aa96ffed71daf691064d7fb7ac31f219eaf7ffb,54,CDN_TEST:TABLE:CDN.TwrJm,,heuristic,pl,PRODUCTS_WAREHOUSE
BD_CDN_TEST_TABLE_CDN_PRACLIMIT,CDN.PracLimit,"Tabela ""CDN.PracLimit"" w domenie Ogólne. Tabela systemowa.","Tabela ""CDN.PracLimit"" w domenie Ogólne. Tabela systemowa.",2948e2fa75de87d904041857d91c809836fa7faea17fdccf0f105504d0fd2a6e,58,CDN_TEST:TABLE:CDN.PracLimit,,heuristic,pl,HR_PAYROLL
BD_CDN_TEST_TABLE_CDN_ZAJECIAWYNAGR,CDN.ZajeciaWynagr,"Tabela ""CDN.ZajeciaWynagr"" w domenie Ogólne. Tabela systemowa.","Tabela ""CDN.ZajeciaWynagr"" w domenie Ogólne. Tabela systemowa.",4f61aface29e15fe5d958983e685a052a0a80cca89756fcd75b6c6431cd47b9e,62,CDN_TEST:TABLE:CDN.ZajeciaWynagr,,heuristic,pl,GENERAL_ERP
BD_CDN_TEST_TABLE_CDN_REJESTRACJAZGODTRESCJEZYKOBCY,CDN.RejestracjaZgodTrescJezykObcy,"Tabela ""CDN.RejestracjaZgodTrescJezykObcy"" w domenie Finanse-Księgowość. Tabela systemowa.","Tabela ""CDN.RejestracjaZgodTrescJezykObcy"" w domenie Finanse-Księgowość. Tabela systemowa.",996a061855aea1e6c511e43f14ec826dd0098327144d5cbd1b94975211f22347,90,CDN_TEST:TABLE:CDN.RejestracjaZgodTrescJezykObcy,,heuristic,pl,GENERAL_ERP
BD_CDN_TEST_TABLE_CDN_OBROTY,CDN.Obroty,"Tabela ""CDN.Obroty"" w domenie Ogólne. Tabela systemowa.","Tabela ""CDN.Obroty"" w domenie Ogólne. Tabela systemowa.",2eb4ce292cc83a122ebf3301bdaa5beb939b54c7013cdb4d70cce92625a7d810,55,CDN_TEST:TABLE:CDN.Obroty,,heuristic,pl,GENERAL_ERP
BD_CDN_TEST_TABLE_CDN_PRMKARTY,CDN.PrmKarty,"Tabela ""CDN.PrmKarty"" w domenie Ogólne. Tabela systemowa.","Tabela ""CDN.PrmKarty"" w domenie Ogólne. Tabela systemowa.",2c6d125ec6763f45003e9ead0fc4336faa921a85694cba29ce3104918ba87f3e,57,CDN_TEST:TABLE:CDN.PrmKarty,,heuristic,pl,GENERAL_ERP
BD_CDN_TEST_TABLE_CDN_DEFPROJEKTY,CDN.DefProjekty,"Tabela ""CDN.DefProjekty"" w domenie Ogólne. Tabela systemowa.","Tabela ""CDN.DefProjekty"" w domenie Ogólne. Tabela systemowa.",9cd5dc7d39f1f8cd50b01f47abc3250e248d2aa2e254482d46d17a5a43bbb8d3,60,CDN_TEST:TABLE:CDN.DefProjekty,,heuristic,pl,GENERAL_ERP
BD_CDN_TEST_TABLE_CDN_BUDZETNAG,CDN.BudzetNag,"Tabela ""CDN.BudzetNag"" w domenie Finanse-Księgowość. Tabela systemowa.","Tabela ""CDN.BudzetNag"" w domenie Finanse-Księgowość. Tabela systemowa.",c3562ca2aec88c1672305d055dc8e60529ac4dc0e31f9d8a704fcebfd7c59fa5,70,CDN_TEST:TABLE:CDN.BudzetNag,,heuristic,pl,GENERAL_ERP
BD_CDN_TEST_TABLE_CDN_DLGNAG,CDN.DlgNag,"Tabela ""CDN.DlgNag"" w domenie Ogólne. Tabela systemowa.","Tabela ""CDN.DlgNag"" w domenie Ogólne. Tabela systemowa.",cac228a861b1d824a374abd2cf23e672c3c39e692610a70ca773f5a4608608f7,55,CDN_TEST:TABLE:CDN.DlgNag,,heuristic,pl,GENERAL_ERP
BD_CDN_TEST_TABLE_CDN_RODZINAZWOLOKRESY,CDN.RodzinaZwolOkresy,"Tabela ""CDN.RodzinaZwolOkresy"" w domenie Ogólne. Tabela systemowa.","Tabela ""CDN.RodzinaZwolOkresy"" w domenie Ogólne. Tabela systemowa.",8eeea52fb9c8ac7a418611f63813675f504d5baabfdc3f284287914e0dcf259e,66,CDN_TEST:TABLE:CDN.RodzinaZwolOkresy,,heuristic,pl,GENERAL_ERP
BD_CDN_TEST_TABLE_CDN_POZDEKLPIT,CDN.PozDeklPIT,"Tabela ""CDN.PozDeklPIT"" w domenie Ogólne. Tabela systemowa.","Tabela ""CDN.PozDeklPIT"" w domenie Ogólne. Tabela systemowa.",4e6363fa65b7846b71daad899be38884abee5a8e0cce51ca9f3cc0eac62d982d,59,CDN_TEST:TABLE:CDN.PozDeklPIT,,heuristic,pl,COMPLIANCE_ACCOUNTING
BD_CDN_TEST_TABLE_CDN_DETALSTANZMIANY,CDN.DetalStanZmiany,"Tabela ""CDN.DetalStanZmiany"" w domenie Magazyn. Tabela systemowa.","Tabela ""CDN.DetalStanZmiany"" w domenie Magazyn. Tabela systemowa.",a7a3747d264e87088112e9ab2cc5cea509f738a15ec6cc78704a96334d4af437,65,CDN_TEST:TABLE:CDN.DetalStanZmiany,,heuristic,pl,GENERAL_ERP
BD_CDN_TEST_TABLE_CDN_OFERTYDOK,CDN.OfertyDok,"Tabela ""CDN.OfertyDok"" w domenie CRM. Tabela systemowa.","Tabela ""CDN.OfertyDok"" w domenie CRM. Tabela systemowa.",55a442b77391e8402dfa8184361f067c06dbf970aa24acba18cd555b157fd363,55,CDN_TEST:TABLE:CDN.OfertyDok,,heuristic,pl,GENERAL_ERP
BD_CDN_TEST_TABLE_CDN_AWIZOTOWARY,CDN.AwizoTowary,"Tabela ""CDN.AwizoTowary"" w domenie Magazyn. Kartoteka towarów — nazwy, kody, jednostki miary, stawki VAT, ceny.","Tabela ""CDN.AwizoTowary"" w domenie Magazyn. Kartoteka towarów — nazwy, kody, jednostki miary, stawki VAT, ceny.",399b7b41f193cbf95a4a19566937b65b2dc48138768bcba6cb62695d953c099a,111,CDN_TEST:TABLE:CDN.AwizoTowary,,heuristic,pl,PRODUCTS_WAREHOUSE
BD_CDN_TEST_TABLE_CDN_TWRKNTATRYBUTY,CDN.TwrKntAtrybuty,"Tabela ""CDN.TwrKntAtrybuty"" w domenie Ogólne. Tabela systemowa.","Tabela ""CDN.TwrKntAtrybuty"" w domenie Ogólne. Tabela systemowa.",5e43a896b0b63c2855d8c8cddc4f321cf26d29360200f227e4eb327c89b86093,63,CDN_TEST:TABLE:CDN.TwrKntAtrybuty,,heuristic,pl,PRODUCTS_WAREHOUSE
BD_CDN_TEST_TABLE_CDN_WYPLATY,CDN.Wyplaty,"Tabela ""CDN.Wyplaty"" w domenie Ogólne. Tabela systemowa.","Tabela ""CDN.Wyplaty"" w domenie Ogólne. Tabela systemowa.",2e858a53bcee029764c75993b287203daef9723f7fea1124efed79ea36eee4e7,56,CDN_TEST:TABLE:CDN.Wyplaty,,heuristic,pl,HR_PAYROLL
BD_CDN_TEST_TABLE_CDN_SCHEMATPLATNOSCI,CDN.SchematPlatnosci,"Tabela ""CDN.SchematPlatnosci"" w domenie Finanse-Księgowość. Formy płatności i terminy.","Tabela ""CDN.SchematPlatnosci"" w domenie Finanse-Księgowość. Formy płatności i terminy.",fd59a250709d7d8b29431a997105e65b976fd8210493433074307f399fcc9997,86,CDN_TEST:TABLE:CDN.SchematPlatnosci,,heuristic,pl,GENERAL_ERP
BD_CDN_TEST_TABLE_CDN_INTRASTATELEM,CDN.IntrastatElem,"Tabela ""CDN.IntrastatElem"" w domenie Ogólne. Tabela systemowa.","Tabela ""CDN.IntrastatElem"" w domenie Ogólne. Tabela systemowa.",e9d72d9bdadd7c022760b634c8999c29786928d0fc78984036c0d328fe3b195b,62,CDN_TEST:TABLE:CDN.IntrastatElem,,heuristic,pl,GENERAL_ERP
BD_CDN_TEST_TABLE_CDN_USUNIETEOBIEKTY,CDN.UsunieteObiekty,"Tabela ""CDN.UsunieteObiekty"" w domenie Ogólne. Tabela systemowa.","Tabela ""CDN.UsunieteObiekty"" w domenie Ogólne. Tabela systemowa.",ad95231a9233df7f1945eeda9dd42437b1cb6a5e1ef1003a26febb6ae5210dae,64,CDN_TEST:TABLE:CDN.UsunieteObiekty,,heuristic,pl,GENERAL_ERP
BD_CDN_TEST_TABLE_CDN_DETALTRAELEM,CDN.DetalTraElem,"Tabela ""CDN.DetalTraElem"" w domenie Handel. Pozycje (wiersze) dokumentów handlowych — artykuły, usługi, kwoty w dokumentach.","Tabela ""CDN.DetalTraElem"" w domenie Handel. Pozycje (wiersze) dokumentów handlowych — artykuły, usługi, kwoty w dokumentach.",a9c437b29de9503bd701067b55aebe873b1091f2842cc244fae1c2395bdf7237,124,CDN_TEST:TABLE:CDN.DetalTraElem,,heuristic,pl,GENERAL_ERP
BD_CDN_TEST_TABLE_CDN_REJESTRACJAZGODTRESCESKLEPY,CDN.RejestracjaZgodTrescESklepy,"Tabela ""CDN.RejestracjaZgodTrescESklepy"" w domenie Finanse-Księgowość. Tabela systemowa.","Tabela ""CDN.RejestracjaZgodTrescESklepy"" w domenie Finanse-Księgowość. Tabela systemowa.",801fd5e59d7a3199469d6d421fb421bb87187c37404d1e1303a2ed9d50b3141c,88,CDN_TEST:TABLE:CDN.RejestracjaZgodTrescESklepy,,heuristic,pl,GENERAL_ERP
BD_CDN_TEST_TABLE_CDN_ANKGRUPYPYTAN,CDN.AnkGrupyPytan,"Tabela ""CDN.AnkGrupyPytan"" w domenie Ogólne. Tabela systemowa.","Tabela ""CDN.AnkGrupyPytan"" w domenie Ogólne. Tabela systemowa.",3260e95395afa688522cdfc0830e53a43ea3b8c06cacb2b72758d5243ba24404,62,CDN_TEST:TABLE:CDN.AnkGrupyPytan,,heuristic,pl,GENERAL_ERP
BD_CDN_TEST_TABLE_CDN_TWRLINKI,CDN.TwrLinki,"Tabela ""CDN.TwrLinki"" w domenie Ogólne. Tabela systemowa.","Tabela ""CDN.TwrLinki"" w domenie Ogólne. Tabela systemowa.",52eaf82ff67188c9e2247f56a88cb6af5a37de2b19733d9281e843fb86692595,57,CDN_TEST:TABLE:CDN.TwrLinki,,heuristic,pl,PRODUCTS_WAREHOUSE
BD_CDN_TEST_TABLE_CDN_TWRPROMOCJE,CDN.TwrPromocje,"Tabela ""CDN.TwrPromocje"" w domenie Ogólne. Tabela systemowa.","Tabela ""CDN.TwrPromocje"" w domenie Ogólne. Tabela systemowa.",827457a9e0e9d322c968ec5eab08b4ecf606543cff9456b52a3eb171f18f48a6,60,CDN_TEST:TABLE:CDN.TwrPromocje,,heuristic,pl,PRODUCTS_WAREHOUSE
BD_CDN_TEST_TABLE_CDN_KSEFTOKENS,CDN.KSeFTokens,"Tabela ""CDN.KSeFTokens"" w domenie Ogólne. Tabela systemowa.","Tabela ""CDN.KSeFTokens"" w domenie Ogólne. Tabela systemowa.",0eb462e8f5951f5dc588b9ef59a3962dc5704b48830901871ca791cd852c1dbe,59,CDN_TEST:TABLE:CDN.KSeFTokens,,heuristic,pl,COMPLIANCE_ACCOUNTING
BD_CDN_TEST_TABLE_CDN_POZDEKLZUS,CDN.PozDeklZUS,"Tabela ""CDN.PozDeklZUS"" w domenie Ogólne. Tabela systemowa.","Tabela ""CDN.PozDeklZUS"" w domenie Ogólne. Tabela systemowa.",99924644ac476e717919f9ba28eda350bfc18afa97c60bc60dd085107c3fd836,59,CDN_TEST:TABLE:CDN.PozDeklZUS,,heuristic,pl,COMPLIANCE_ACCOUNTING
BD_CDN_TEST_TABLE_CDN_SRSCYKLELEM,CDN.SrsCyklElem,"Tabela ""CDN.SrsCyklElem"" w domenie Ogólne. Tabela systemowa.","Tabela ""CDN.SrsCyklElem"" w domenie Ogólne. Tabela systemowa.",e397ef508064db44834ce658dacfde5773443e78ebb21960ae031f4ab9618c74,60,CDN_TEST:TABLE:CDN.SrsCyklElem,,heuristic,pl,GENERAL_ERP
BD_CDN_TEST_TABLE_CDN_TWRPRZECENY,CDN.TwrPrzeceny,"Tabela ""CDN.TwrPrzeceny"" w domenie Magazyn. Tabela systemowa.","Tabela ""CDN.TwrPrzeceny"" w domenie Magazyn. Tabela systemowa.",253ebfebedcc5bb147143ab747109bca4d31e430cce4208eb19d5680ae7dba84,61,CDN_TEST:TABLE:CDN.TwrPrzeceny,,heuristic,pl,PRODUCTS_WAREHOUSE
BD_CDN_TEST_TABLE_CDN_BNKFORMATYELEM,CDN.BnkFormatyElem,"Tabela ""CDN.BnkFormatyElem"" w domenie Ogólne. Tabela systemowa.","Tabela ""CDN.BnkFormatyElem"" w domenie Ogólne. Tabela systemowa.",2f54dcddf445009682a288124d10792d059e31dc7b5ae49c883425f46f6fb032,63,CDN_TEST:TABLE:CDN.BnkFormatyElem,,heuristic,pl,BANK_CASH
BD_CDN_TEST_TABLE_CDN_KNTPROMOCJE,CDN.KntPromocje,"Tabela ""CDN.KntPromocje"" w domenie Ogólne. Tabela systemowa.","Tabela ""CDN.KntPromocje"" w domenie Ogólne. Tabela systemowa.",98ed975a6328a66d3f95d0744c58e25854ec240a3cc1db2790ed043a5bb49548,60,CDN_TEST:TABLE:CDN.KntPromocje,,heuristic,pl,CONTRACTORS_CRM
BD_CDN_TEST_TABLE_CDN_DEKLELEM,CDN.DeklElem,"Tabela ""CDN.DeklElem"" w domenie Ogólne. Tabela systemowa.","Tabela ""CDN.DeklElem"" w domenie Ogólne. Tabela systemowa.",29f6115a0d8198775522ffcc2e84d325dbe0313cb55ff4f213d2b8094870b64e,57,CDN_TEST:TABLE:CDN.DeklElem,,heuristic,pl,COMPLIANCE_ACCOUNTING
BD_CDN_TEST_TABLE_CDN_CENTRA,CDN.Centra,"Tabela ""CDN.Centra"" w domenie Magazyn. Tabela systemowa.","Tabela ""CDN.Centra"" w domenie Magazyn. Tabela systemowa.",edb2a241956d034fa6d2b78b6f4f319044c86a5a28153d58ee08ea08d49094a7,56,CDN_TEST:TABLE:CDN.Centra,,heuristic,pl,HR_PAYROLL
BD_CDN_TEST_TABLE_CDN_INTRASTATNAG,CDN.IntrastatNag,"Tabela ""CDN.IntrastatNag"" w domenie Ogólne. Tabela systemowa.","Tabela ""CDN.IntrastatNag"" w domenie Ogólne. Tabela systemowa.",a9fcbaae6f7ad78573e567d784571c78fb9217f97699808a5ad473a8b4498ab0,61,CDN_TEST:TABLE:CDN.IntrastatNag,,heuristic,pl,GENERAL_ERP
BD_CDN_TEST_TABLE_CDN_TWRZASOBY,CDN.TwrZasoby,"Tabela ""CDN.TwrZasoby"" w domenie Ogólne. Tabela systemowa.","Tabela ""CDN.TwrZasoby"" w domenie Ogólne. Tabela systemowa.",36e83b643fc5c06086786ebd43a546fda6ba3612bdde1d573bf8f888040825b5,58,CDN_TEST:TABLE:CDN.TwrZasoby,,heuristic,pl,PRODUCTS_WAREHOUSE
BD_CDN_TEST_TABLE_CDN_SERIEKALPOZGODZ,CDN.SerieKalPozGodz,"Tabela ""CDN.SerieKalPozGodz"" w domenie Ogólne. Tabela systemowa.","Tabela ""CDN.SerieKalPozGodz"" w domenie Ogólne. Tabela systemowa.",e42123c2c72d263df8d937a8216771c9587c20bb2388cf1271467b378c81611e,64,CDN_TEST:TABLE:CDN.SerieKalPozGodz,,heuristic,pl,GENERAL_ERP
BD_CDN_TEST_TABLE_CDN_TRAESKLEPAUKCJE,CDN.TraeSklepAukcje,"Tabela ""CDN.TraeSklepAukcje"" w domenie Ogólne. Tabela systemowa.","Tabela ""CDN.TraeSklepAukcje"" w domenie Ogólne. Tabela systemowa.",a675e53a8d187202d3d20685a4f3aee1dc2d5fc37b8ebb57b22a8f9615c9a458,64,CDN_TEST:TABLE:CDN.TraeSklepAukcje,,heuristic,pl,TRADE_DOCUMENTS
BD_CDN_TEST_TABLE_CDN_DOKUMENTYKSEF,CDN.DokumentyKSeF,"Tabela ""CDN.DokumentyKSeF"" w domenie Handel. Tabela systemowa.","Tabela ""CDN.DokumentyKSeF"" w domenie Handel. Tabela systemowa.",3eb6a1a883f23edf86a32e072e04c570651e5df58303bd81d5c35bea8d49cb47,62,CDN_TEST:TABLE:CDN.DokumentyKSeF,,heuristic,pl,COMPLIANCE_ACCOUNTING
BD_CDN_TEST_TABLE_CDN_PODMIOTREJESTRACJAZGOD,CDN.PodmiotRejestracjaZgod,"Tabela ""CDN.PodmiotRejestracjaZgod"" w domenie Finanse-Księgowość. Tabela systemowa.","Tabela ""CDN.PodmiotRejestracjaZgod"" w domenie Finanse-Księgowość. Tabela systemowa.",d07a61506f5336626f9e000795cde7e84472816ecc40f7d3a64847d315470339,83,CDN_TEST:TABLE:CDN.PodmiotRejestracjaZgod,,heuristic,pl,CONTRACTORS_CRM
BD_CDN_TEST_TABLE_CDN_BNKFORMATYNAG,CDN.BnkFormatyNag,"Tabela ""CDN.BnkFormatyNag"" w domenie Ogólne. Tabela systemowa.","Tabela ""CDN.BnkFormatyNag"" w domenie Ogólne. Tabela systemowa.",fa9f2d699d2c69e2a91d9ca602bc76dd8e4e0029e9042d28fa0eeb2604c6f91b,62,CDN_TEST:TABLE:CDN.BnkFormatyNag,,heuristic,pl,BANK_CASH
BD_CDN_TEST_TABLE_CDN_PRACASZCZEG,CDN.PracaSzczeg,"Tabela ""CDN.PracaSzczeg"" w domenie Ogólne. Tabela systemowa.","Tabela ""CDN.PracaSzczeg"" w domenie Ogólne. Tabela systemowa.",e588d76add8a9bd45cb0b4c34006d5d68206a358533ea872032e167740052edd,60,CDN_TEST:TABLE:CDN.PracaSzczeg,,heuristic,pl,HR_PAYROLL
BD_CDN_TEST_TABLE_CDN_ZANIECHANIA,CDN.Zaniechania,"Tabela ""CDN.Zaniechania"" w domenie Ogólne. Tabela systemowa.","Tabela ""CDN.Zaniechania"" w domenie Ogólne. Tabela systemowa.",31a8b950ffeb7bac3e739179af30fd1a5eb73bacdc51fda552c8e5f7a0c97ae0,60,CDN_TEST:TABLE:CDN.Zaniechania,,heuristic,pl,GENERAL_ERP
BD_CDN_TEST_TABLE_CDN_FRSPROMOCJE,CDN.FrsPromocje,"Tabela ""CDN.FrsPromocje"" w domenie Ogólne. Tabela systemowa.","Tabela ""CDN.FrsPromocje"" w domenie Ogólne. Tabela systemowa.",ae27290ad56f5e8cbb69ec7009446dd17a18cd5f7d62b979f961b66cd7098c19,60,CDN_TEST:TABLE:CDN.FrsPromocje,,heuristic,pl,TRADE_DOCUMENTS
BD_CDN_TEST_TABLE_CDN_DEKLKEDU,CDN.DeklKedu,"Tabela ""CDN.DeklKedu"" w domenie Ogólne. Tabela systemowa.","Tabela ""CDN.DeklKedu"" w domenie Ogólne. Tabela systemowa.",2516401b9bdaa1f197db5461c1f913abe190186b4d3878bba203013fd8c861d1,57,CDN_TEST:TABLE:CDN.DeklKedu,,heuristic,pl,COMPLIANCE_ACCOUNTING
BD_CDN_TEST_TABLE_CDN_TYPNIEOBEC,CDN.TypNieobec,"Tabela ""CDN.TypNieobec"" w domenie Ogólne. Tabela systemowa.","Tabela ""CDN.TypNieobec"" w domenie Ogólne. Tabela systemowa.",982a60d91ec82a197b91adb33636787f6de7b702b77d84c5f983a44102549d0b,59,CDN_TEST:TABLE:CDN.TypNieobec,,heuristic,pl,HR_PAYROLL
BD_CDN_TEST_TABLE_CDN_KALENDDNIGODZ,CDN.KalendDniGodz,"Tabela ""CDN.KalendDniGodz"" w domenie Ogólne. Tabela systemowa.","Tabela ""CDN.KalendDniGodz"" w domenie Ogólne. Tabela systemowa.",503ffced3ee1902ed3ce1b4770be5b0f1c1887a51dd11f1cc3986f00c2386129,62,CDN_TEST:TABLE:CDN.KalendDniGodz,,heuristic,pl,GENERAL_ERP
BD_CDN_TEST_TABLE_CDN_SENTELEMENT,CDN.SentElement,"Tabela ""CDN.SentElement"" w domenie Ogólne. Tabela systemowa.","Tabela ""CDN.SentElement"" w domenie Ogólne. Tabela systemowa.",40a455b4ec3f9dda7cc901936fc5e4518fc58aa6b516f96cae69ee663d382f93,60,CDN_TEST:TABLE:CDN.SentElement,,heuristic,pl,GENERAL_ERP
BD_CDN_TEST_TABLE_CDN_ANKSZABLONODPNAG,CDN.AnkSzablonOdpNag,"Tabela ""CDN.AnkSzablonOdpNag"" w domenie Administracja. Tabela systemowa.","Tabela ""CDN.AnkSzablonOdpNag"" w domenie Administracja. Tabela systemowa.",3405aad06fd35dc6c9a0eb5f9de3ff665611ce81a9aa133414d7d7507b4d6a16,72,CDN_TEST:TABLE:CDN.AnkSzablonOdpNag,,heuristic,pl,GENERAL_ERP
BD_CDN_TEST_TABLE_CDN_DLGELEM,CDN.DlgElem,"Tabela ""CDN.DlgElem"" w domenie Ogólne. Tabela systemowa.","Tabela ""CDN.DlgElem"" w domenie Ogólne. Tabela systemowa.",6ec373c2943499f852666d3906696571e0d6e5549788b227403a0921f683df5a,56,CDN_TEST:TABLE:CDN.DlgElem,,heuristic,pl,GENERAL_ERP
BD_CDN_TEST_TABLE_CDN_PLTPROMOCJE,CDN.PltPromocje,"Tabela ""CDN.PltPromocje"" w domenie Ogólne. Tabela systemowa.","Tabela ""CDN.PltPromocje"" w domenie Ogólne. Tabela systemowa.",734b7834e4b16bd32724b16d8558b8e181b6fb2530e2b5eb62607eb54f106f87,60,CDN_TEST:TABLE:CDN.PltPromocje,,heuristic,pl,GENERAL_ERP
BD_CDN_TEST_TABLE_CDN_PRACPLANDNIGODZ,CDN.PracPlanDniGodz,"Tabela ""CDN.PracPlanDniGodz"" w domenie Ogólne. Tabela systemowa.","Tabela ""CDN.PracPlanDniGodz"" w domenie Ogólne. Tabela systemowa.",d85e7000cbcbc77ce45d5f901d9e772becb9eeaff975bd3c7483d317a0dad004,64,CDN_TEST:TABLE:CDN.PracPlanDniGodz,,heuristic,pl,HR_PAYROLL
BD_CDN_TEST_TABLE_CDN_PRACETATY,CDN.PracEtaty,"Tabela ""CDN.PracEtaty"" w domenie Kadry-Płace. Tabela systemowa.","Tabela ""CDN.PracEtaty"" w domenie Kadry-Płace. Tabela systemowa.",ab85515fb93bbbad5c6f95118c82338ba0f3271921519be9dd6f2c3312c1c96c,63,CDN_TEST:TABLE:CDN.PracEtaty,,heuristic,pl,HR_PAYROLL
BD_CDN_TEST_TABLE_CDN_PRMHISTORIA,CDN.PrmHistoria,"Tabela ""CDN.PrmHistoria"" w domenie Ogólne. Tabela systemowa.","Tabela ""CDN.PrmHistoria"" w domenie Ogólne. Tabela systemowa.",da8da2a00c288c590bc6a3c2c86975e69768ad1c1c05a38aeb207e1276d70057,60,CDN_TEST:TABLE:CDN.PrmHistoria,,heuristic,pl,GENERAL_ERP
BD_CDN_TEST_TABLE_CDN_CENTRAKIEROWNICY,CDN.CentraKierownicy,"Tabela ""CDN.CentraKierownicy"" w domenie Magazyn. Tabela systemowa.","Tabela ""CDN.CentraKierownicy"" w domenie Magazyn. Tabela systemowa.",bae09f0ea00253f1f2a7295a5b0bae8581984a3f0beeb14903a7556b62a71a61,66,CDN_TEST:TABLE:CDN.CentraKierownicy,,heuristic,pl,HR_PAYROLL
BD_CDN_TEST_TABLE_CDN_KNTWERYFRACHHIST,CDN.KntWeryfRachHist,"Tabela ""CDN.KntWeryfRachHist"" w domenie Ogólne. Tabela systemowa.","Tabela ""CDN.KntWeryfRachHist"" w domenie Ogólne. Tabela systemowa.",29338b8b4d9b857f95d904a652e9789265932d95b93db27691c27abbd46f99e5,65,CDN_TEST:TABLE:CDN.KntWeryfRachHist,,heuristic,pl,CONTRACTORS_CRM
BD_CDN_TEST_TABLE_CDN_KALENDARZE,CDN.Kalendarze,"Tabela ""CDN.Kalendarze"" w domenie Administracja. Tabela systemowa.","Tabela ""CDN.Kalendarze"" w domenie Administracja. Tabela systemowa.",1c1a611091fd3b1d6de304cdd5ebd091f0d051f7c375b5e6fdb46baf60c24525,66,CDN_TEST:TABLE:CDN.Kalendarze,,heuristic,pl,HR_PAYROLL
BD_CDN_TEST_TABLE_CDN_KSEFSCHEDULER,CDN.KsefScheduler,"Tabela ""CDN.KsefScheduler"" w domenie Ogólne. Tabela systemowa.","Tabela ""CDN.KsefScheduler"" w domenie Ogólne. Tabela systemowa.",fc3cf3b391cc3d94214c272676489e2cb938247d612c36f2f24845529008b1fb,62,CDN_TEST:TABLE:CDN.KsefScheduler,,heuristic,pl,COMPLIANCE_ACCOUNTING
BD_CDN_TEST_TABLE_CDN_PRACPRACADNIGODZ,CDN.PracPracaDniGodz,"Tabela ""CDN.PracPracaDniGodz"" w domenie Ogólne. Tabela systemowa.","Tabela ""CDN.PracPracaDniGodz"" w domenie Ogólne. Tabela systemowa.",1b3bce4faca87dee38a165cd12bfae568d9c491bb8a16d7bea69282f0f4d20ea,65,CDN_TEST:TABLE:CDN.PracPracaDniGodz,,heuristic,pl,HR_PAYROLL
BD_CDN_TEST_TABLE_CDN_TRANAGRELACJE,CDN.TraNagRelacje,"Tabela ""CDN.TraNagRelacje"" w domenie Handel. Tabela systemowa.","Tabela ""CDN.TraNagRelacje"" w domenie Handel. Tabela systemowa.",1c0a78fedeb36167a7c8148757f472ad71201b845adc5744293839b8dd208e0c,62,CDN_TEST:TABLE:CDN.TraNagRelacje,,heuristic,pl,TRADE_DOCUMENTS
BD_CDN_TEST_TABLE_CDN_ZANIECHANIAROZ,CDN.ZaniechaniaRoz,"Tabela ""CDN.ZaniechaniaRoz"" w domenie Ogólne. Tabela systemowa.","Tabela ""CDN.ZaniechaniaRoz"" w domenie Ogólne. Tabela systemowa.",c6286ca1914499e43cf04b195015ef885b02d12bbc9930da32be280be069e5d8,63,CDN_TEST:TABLE:CDN.ZaniechaniaRoz,,heuristic,pl,GENERAL_ERP
BD_CDN_TEST_TABLE_CDN_DETALTRANAG,CDN.DetalTraNag,"Tabela ""CDN.DetalTraNag"" w domenie Handel. Nagłówki dokumentów handlowych — faktury sprzedaży, zakupu, korekty, zamówienia, paragony.","Tabela ""CDN.DetalTraNag"" w domenie Handel. Nagłówki dokumentów handlowych — faktury sprzedaży, zakupu, korekty, zamówienia, paragony.",be4ccee72d4d8c49e85bd1891e6958a62cf7e5674852d7490246a74fb6a0227e,133,CDN_TEST:TABLE:CDN.DetalTraNag,,heuristic,pl,GENERAL_ERP
BD_CDN_TEST_TABLE_CDN_KNTGRUPY,CDN.KntGrupy,"Tabela ""CDN.KntGrupy"" w domenie Ogólne. Tabela systemowa.","Tabela ""CDN.KntGrupy"" w domenie Ogólne. Tabela systemowa.",89534743d5668c98f7b9034599e53c03dd55115ad4129c92bcc2abb4dbf965a8,57,CDN_TEST:TABLE:CDN.KntGrupy,,heuristic,pl,CONTRACTORS_CRM
BD_CDN_TEST_TABLE_CDN_DEKLNAG,CDN.DeklNag,"Tabela ""CDN.DeklNag"" w domenie Ogólne. Tabela systemowa.","Tabela ""CDN.DeklNag"" w domenie Ogólne. Tabela systemowa.",a5258d2ad07cad1e99f18067601636d49c3d2e4ec925e2e09946a9f4d7a25f2e,56,CDN_TEST:TABLE:CDN.DeklNag,,heuristic,pl,COMPLIANCE_ACCOUNTING
BD_CDN_TEST_TABLE_CDN_SCHEMATYOPAKELEM,CDN.SchematyOpakElem,"Tabela ""CDN.SchematyOpakElem"" w domenie Ogólne. Tabela systemowa.","Tabela ""CDN.SchematyOpakElem"" w domenie Ogólne. Tabela systemowa.",70f9519bfe6e1f7ab106667468dcb0e527fd488c2f0c2aee566b39c8185a02bd,65,CDN_TEST:TABLE:CDN.SchematyOpakElem,,heuristic,pl,GENERAL_ERP
BD_CDN_TEST_TABLE_CDN_BNKNAZWY,CDN.BnkNazwy,"Tabela ""CDN.BnkNazwy"" w domenie Ogólne. Tabela systemowa.","Tabela ""CDN.BnkNazwy"" w domenie Ogólne. Tabela systemowa.",e5cdfd9dcabd95ec160310cce418efd0466939521fa8411fa5ed0005803d9b80,57,CDN_TEST:TABLE:CDN.BnkNazwy,,heuristic,pl,BANK_CASH
BD_CDN_TEST_TABLE_CDN_PRACNIEOBEC,CDN.PracNieobec,"Tabela ""CDN.PracNieobec"" w domenie Ogólne. Tabela systemowa.","Tabela ""CDN.PracNieobec"" w domenie Ogólne. Tabela systemowa.",390c48d32557409d5772fa949c1eb6279ffe45106d6319af9b956f11247e1f29,60,CDN_TEST:TABLE:CDN.PracNieobec,,heuristic,pl,HR_PAYROLL
BD_CDN_TEST_TABLE_CDN_GRUPYJEZYKOBCY,CDN.GrupyJezykObcy,"Tabela ""CDN.GrupyJezykObcy"" w domenie Ogólne. Tabela systemowa.","Tabela ""CDN.GrupyJezykObcy"" w domenie Ogólne. Tabela systemowa.",28d3f99c8debd270437a620a98874c879c82914002ab764bb9f9ff6298908a49,63,CDN_TEST:TABLE:CDN.GrupyJezykObcy,,heuristic,pl,GENERAL_ERP
BD_CDN_TEST_TABLE_CDN_KWOTYCELNE,CDN.KwotyCelne,"Tabela ""CDN.KwotyCelne"" w domenie Ogólne. Tabela systemowa.","Tabela ""CDN.KwotyCelne"" w domenie Ogólne. Tabela systemowa.",ac9b24609c5216e4ab8de7d08ce15262a9e7652103c250a5e505e398a2c70914,59,CDN_TEST:TABLE:CDN.KwotyCelne,,heuristic,pl,GENERAL_ERP
BD_CDN_TEST_TABLE_CDN_TRASELEM,CDN.TraSElem,"Tabela ""CDN.TraSElem"" w domenie Ogólne. Tabela systemowa.","Tabela ""CDN.TraSElem"" w domenie Ogólne. Tabela systemowa.",f650673310d633e69d26a8a5bbb26578638325e22ae01f7dac97f3b0347eb8fb,57,CDN_TEST:TABLE:CDN.TraSElem,,heuristic,pl,TRADE_DOCUMENTS
BD_CDN_TEST_TABLE_CDN_ZAPISYKPR,CDN.ZapisyKPR,"Tabela ""CDN.ZapisyKPR"" w domenie Ogólne. Tabela systemowa.","Tabela ""CDN.ZapisyKPR"" w domenie Ogólne. Tabela systemowa.",55937f51a7dff479ead9dc9e1fdee0875419bcaeb60dd26ce903a5240b59fcd5,58,CDN_TEST:TABLE:CDN.ZapisyKPR,,heuristic,pl,GENERAL_ERP
BD_CDN_TEST_TABLE_CDN_KNTLINKI,CDN.KntLinki,"Tabela ""CDN.KntLinki"" w domenie Ogólne. Tabela systemowa.","Tabela ""CDN.KntLinki"" w domenie Ogólne. Tabela systemowa.",a91ad35af4cf974b37289a97956b7509677c46af58d1b69f3c328c636714f8b0,57,CDN_TEST:TABLE:CDN.KntLinki,,heuristic,pl,CONTRACTORS_CRM
BD_CDN_TEST_TABLE_CDN_SENTHISTORIA,CDN.SentHistoria,"Tabela ""CDN.SentHistoria"" w domenie Ogólne. Tabela systemowa.","Tabela ""CDN.SentHistoria"" w domenie Ogólne. Tabela systemowa.",d757347e7ea5930d69c91b3ed55fe02fab38560ad26e379ea29f641d889cc627,61,CDN_TEST:TABLE:CDN.SentHistoria,,heuristic,pl,GENERAL_ERP
BD_CDN_TEST_TABLE_CDN_SCHEMATYOPAKNAG,CDN.SchematyOpakNag,"Tabela ""CDN.SchematyOpakNag"" w domenie Ogólne. Tabela systemowa.","Tabela ""CDN.SchematyOpakNag"" w domenie Ogólne. Tabela systemowa.",b8d8541fa3e3498fd8d80c1f4003a624c4b3e33563a3e0ce0bad77abadbe7600,64,CDN_TEST:TABLE:CDN.SchematyOpakNag,,heuristic,pl,GENERAL_ERP
BD_CDN_TEST_TABLE_CDN_ANKSZABLONODPELEM,CDN.AnkSzablonOdpElem,"Tabela ""CDN.AnkSzablonOdpElem"" w domenie Administracja. Tabela systemowa.","Tabela ""CDN.AnkSzablonOdpElem"" w domenie Administracja. Tabela systemowa.",9419bd9c9352b84ef519c18a9755d56c0ebf26245c2b96ba1ecc37e26a9142b3,73,CDN_TEST:TABLE:CDN.AnkSzablonOdpElem,,heuristic,pl,GENERAL_ERP
BD_CDN_TEST_TABLE_CDN_TYPNIEOBECKARTAPRACY,CDN.TypNieobecKartaPracy,"Tabela ""CDN.TypNieobecKartaPracy"" w domenie Ogólne. Tabela systemowa.","Tabela ""CDN.TypNieobecKartaPracy"" w domenie Ogólne. Tabela systemowa.",9aa59db410f9489f823018a536f2158257a859d1ace74dc1d34d65006886b2ce,69,CDN_TEST:TABLE:CDN.TypNieobecKartaPracy,,heuristic,pl,HR_PAYROLL
BD_CDN_TEST_TABLE_CDN_WALKONTA,CDN.WalKonta,"Tabela ""CDN.WalKonta"" w domenie Ogólne. Tabela systemowa.","Tabela ""CDN.WalKonta"" w domenie Ogólne. Tabela systemowa.",67a1e2168585bd382e21868c230a79ada19a7fa97b40781a1905cdfd137c0813,57,CDN_TEST:TABLE:CDN.WalKonta,,heuristic,pl,GENERAL_ERP
BD_CDN_TEST_TABLE_CDN_KNTSCALHIST,CDN.KntScalHist,"Tabela ""CDN.KntScalHist"" w domenie Ogólne. Tabela systemowa.","Tabela ""CDN.KntScalHist"" w domenie Ogólne. Tabela systemowa.",8bd093c43651edabbd59b3f9e908071a0f31de05f4c0e675db8ab9a0c5189d78,60,CDN_TEST:TABLE:CDN.KntScalHist,,heuristic,pl,CONTRACTORS_CRM
BD_CDN_TEST_TABLE_CDN_TRAELEMKWOTYCELNE,CDN.TraElemKwotyCelne,"Tabela ""CDN.TraElemKwotyCelne"" w domenie Handel. Tabela systemowa.","Tabela ""CDN.TraElemKwotyCelne"" w domenie Handel. Tabela systemowa.",279bf75b990b9a228e47fdb67b0fff8ffa845fe11a1a37f4817e4c814c755a8e,66,CDN_TEST:TABLE:CDN.TraElemKwotyCelne,,heuristic,pl,TRADE_DOCUMENTS
BD_CDN_TEST_TABLE_CDN_ZSTPROMOCJE,CDN.ZstPromocje,"Tabela ""CDN.ZstPromocje"" w domenie Ogólne. Tabela systemowa.","Tabela ""CDN.ZstPromocje"" w domenie Ogólne. Tabela systemowa.",3cf1f725a68d4c462b9e4f918a00a3b6cda59626d964bd5df2bb7c24079c01aa,60,CDN_TEST:TABLE:CDN.ZstPromocje,,heuristic,pl,GENERAL_ERP
BD_CDN_TEST_TABLE_CDN_KNTWERYFSTATHIST,CDN.KntWeryfStatHist,"Tabela ""CDN.KntWeryfStatHist"" w domenie Ogólne. Tabela systemowa.","Tabela ""CDN.KntWeryfStatHist"" w domenie Ogólne. Tabela systemowa.",1f17188970c45ff99f0d24d77b678f247c307795bac5575a0c24749aaa96d114,65,CDN_TEST:TABLE:CDN.KntWeryfStatHist,,heuristic,pl,CONTRACTORS_CRM
BD_CDN_TEST_TABLE_CDN_CENTRALINK,CDN.CentraLink,"Tabela ""CDN.CentraLink"" w domenie Magazyn. Tabela systemowa.","Tabela ""CDN.CentraLink"" w domenie Magazyn. Tabela systemowa.",5ef6c3483785e2d7c21a6a0b4734d2f7c63f992e2b0fb0ac59c685b0e82351ed,60,CDN_TEST:TABLE:CDN.CentraLink,,heuristic,pl,HR_PAYROLL
BD_CDN_TEST_TABLE_CDN_ANKSLOWNIKPYTAN,CDN.AnkSlownikPytan,"Tabela ""CDN.AnkSlownikPytan"" w domenie Ogólne. Tabela systemowa.","Tabela ""CDN.AnkSlownikPytan"" w domenie Ogólne. Tabela systemowa.",0f2a7bb74cd185ab8c2cca2ea16b0e04b47095295e3fe3fd9029bd13ddb07950,64,CDN_TEST:TABLE:CDN.AnkSlownikPytan,,heuristic,pl,GENERAL_ERP
BD_CDN_TEST_TABLE_CDN_TYPWYPLATA,CDN.TypWyplata,"Tabela ""CDN.TypWyplata"" w domenie Ogólne. Tabela systemowa.","Tabela ""CDN.TypWyplata"" w domenie Ogólne. Tabela systemowa.",24fe3cf97cfbb93e7ca466456d066c4db5e7fc190fef6fb35e86aa02cae28706,59,CDN_TEST:TABLE:CDN.TypWyplata,,heuristic,pl,HR_PAYROLL
BD_CDN_TEST_TABLE_CDN_OKRESYZWOLSKL,CDN.OkresyZwolSkl,"Tabela ""CDN.OkresyZwolSkl"" w domenie Ogólne. Tabela systemowa.","Tabela ""CDN.OkresyZwolSkl"" w domenie Ogólne. Tabela systemowa.",d5be312bb1a8dac1fc6e9852970a966990f90de08a30c2e83c024b313c6398a9,62,CDN_TEST:TABLE:CDN.OkresyZwolSkl,,heuristic,pl,GENERAL_ERP
BD_CDN_TEST_TABLE_CDN_KNTZAMKNMIES,CDN.KntZamknMies,"Tabela ""CDN.KntZamknMies"" w domenie Ogólne. Tabela systemowa.","Tabela ""CDN.KntZamknMies"" w domenie Ogólne. Tabela systemowa.",5b245b486fc76e5c5baae04e28e5a9055d820e6dc664c6d0dc04bca6bc21a991,61,CDN_TEST:TABLE:CDN.KntZamknMies,,heuristic,pl,CONTRACTORS_CRM
BD_CDN_TEST_TABLE_CDN_CFGKLUCZE,CDN.CfgKlucze,"Tabela ""CDN.CfgKlucze"" w domenie Ogólne. Konfiguracja systemu — klucze i wartości konfiguracyjne.","Tabela ""CDN.CfgKlucze"" w domenie Ogólne. Konfiguracja systemu — klucze i wartości konfiguracyjne.",36919762d316b031a9d7c1a9440443e3ac397837d06a683ec9a5bfb751e902ea,97,CDN_TEST:TABLE:CDN.CfgKlucze,,heuristic,pl,CONFIGURATION_ADMIN
BD_CDN_TEST_TABLE_CDN_ZESTAWYTWR,CDN.ZestawyTwr,"Tabela ""CDN.ZestawyTwr"" w domenie Ogólne. Tabela systemowa.","Tabela ""CDN.ZestawyTwr"" w domenie Ogólne. Tabela systemowa.",6c4cb9fb6c6ddd8317cece9bab62daf5681b07fbe1d61124508ef444d013fed5,59,CDN_TEST:TABLE:CDN.ZestawyTwr,,heuristic,pl,PRODUCTS_WAREHOUSE
BD_CDN_TEST_TABLE_CDN_DLGTRASY,CDN.DlgTrasy,"Tabela ""CDN.DlgTrasy"" w domenie Ogólne. Tabela systemowa.","Tabela ""CDN.DlgTrasy"" w domenie Ogólne. Tabela systemowa.",27a7633c8cc4b898d16974ee908b4ecb97d088543550c1dbad0832dae6201498,57,CDN_TEST:TABLE:CDN.DlgTrasy,,heuristic,pl,GENERAL_ERP
BD_CDN_TEST_TABLE_CDN_OFERTYKNT,CDN.OfertyKnt,"Tabela ""CDN.OfertyKnt"" w domenie CRM. Tabela systemowa.","Tabela ""CDN.OfertyKnt"" w domenie CRM. Tabela systemowa.",5ca259bdd1a02e2f906b52638a99c46645f91d9b2e99796255303f54fdb5b428,55,CDN_TEST:TABLE:CDN.OfertyKnt,,heuristic,pl,GENERAL_ERP
BD_CDN_TEST_TABLE_CDN_DEKLSTR,CDN.DeklStr,"Tabela ""CDN.DeklStr"" w domenie Ogólne. Tabela systemowa.","Tabela ""CDN.DeklStr"" w domenie Ogólne. Tabela systemowa.",1dd0ee594588254dda1d5a3fe130a8bb9ad6ffca03ddee1d2b3d144224879798,56,CDN_TEST:TABLE:CDN.DeklStr,,heuristic,pl,COMPLIANCE_ACCOUNTING
BD_CDN_TEST_TABLE_CDN_STATELEM,CDN.StatElem,"Tabela ""CDN.StatElem"" w domenie Ogólne. Tabela systemowa.","Tabela ""CDN.StatElem"" w domenie Ogólne. Tabela systemowa.",e029932eb65441623e242269682067e537d2b1c7ba3d2d989658ecb9f284995b,57,CDN_TEST:TABLE:CDN.StatElem,,heuristic,pl,GENERAL_ERP
BD_CDN_TEST_TABLE_CDN_TRASELEMCECHY,CDN.TraSElemCechy,"Tabela ""CDN.TraSElemCechy"" w domenie Ogólne. Tabela systemowa.","Tabela ""CDN.TraSElemCechy"" w domenie Ogólne. Tabela systemowa.",bcbb90b1745c3feba706bd8dedaacc7015ef3482920b65729a11e6a323b0270e,62,CDN_TEST:TABLE:CDN.TraSElemCechy,,heuristic,pl,TRADE_DOCUMENTS
BD_CDN_TEST_TABLE_CDN_ZWOLNIENIAZUS,CDN.ZwolnieniaZUS,"Tabela ""CDN.ZwolnieniaZUS"" w domenie Ogólne. Tabela systemowa.","Tabela ""CDN.ZwolnieniaZUS"" w domenie Ogólne. Tabela systemowa.",068d454bbeef312836e4d4ddd38b2815f0983ae44c31dab0ce7a61a25ff9a2e3,62,CDN_TEST:TABLE:CDN.ZwolnieniaZUS,,heuristic,pl,HR_PAYROLL
BD_CDN_TEST_TABLE_CDN_PRACPITDZIALALNOSCI,CDN.PracPitDzialalnosci,"Tabela ""CDN.PracPitDzialalnosci"" w domenie Ogólne. Tabela systemowa.","Tabela ""CDN.PracPitDzialalnosci"" w domenie Ogólne. Tabela systemowa.",d565b114dab03439adf7df1c64b8f30727354cb6d0fda25af0f5890537d035e9,68,CDN_TEST:TABLE:CDN.PracPitDzialalnosci,,heuristic,pl,HR_PAYROLL
BD_CDN_TEST_TABLE_CDN_REJESTRNARUSZEN,CDN.RejestrNaruszen,"Tabela ""CDN.RejestrNaruszen"" w domenie Finanse-Księgowość. Tabela systemowa.","Tabela ""CDN.RejestrNaruszen"" w domenie Finanse-Księgowość. Tabela systemowa.",112c9a718eabd1103478dc65a64fbcac10920def9bc9087804614803cd5b23c0,76,CDN_TEST:TABLE:CDN.RejestrNaruszen,,heuristic,pl,GENERAL_ERP
BD_CDN_TEST_TABLE_CDN_OFERTYELEM,CDN.OfertyElem,"Tabela ""CDN.OfertyElem"" w domenie CRM. Tabela systemowa.","Tabela ""CDN.OfertyElem"" w domenie CRM. Tabela systemowa.",fae23902bf513223d4a0f97be7bf294bb18a179f8f6b1f43892244c4f26236d5,56,CDN_TEST:TABLE:CDN.OfertyElem,,heuristic,pl,GENERAL_ERP
BD_CDN_TEST_TABLE_CDN_DEKLVUEK,CDN.DeklVUEK,"Tabela ""CDN.DeklVUEK"" w domenie Ogólne. Tabela systemowa.","Tabela ""CDN.DeklVUEK"" w domenie Ogólne. Tabela systemowa.",28f1268141f481f08c31a29f182da4e1f314c15c89418a9c2dc849759e266ce2,57,CDN_TEST:TABLE:CDN.DeklVUEK,,heuristic,pl,COMPLIANCE_ACCOUNTING
BD_CDN_TEST_TABLE_CDN_STATNAG,CDN.StatNag,"Tabela ""CDN.StatNag"" w domenie Ogólne. Tabela systemowa.","Tabela ""CDN.StatNag"" w domenie Ogólne. Tabela systemowa.",d0c4688b02309a24fa25acdc02e68e1f395d15f0652a30331a2f3c5009a3a747,56,CDN_TEST:TABLE:CDN.StatNag,,heuristic,pl,GENERAL_ERP
BD_CDN_TEST_TABLE_CDN_SCHKSIELEM,CDN.SchKsiElem,"Tabela ""CDN.SchKsiElem"" w domenie Ogólne. Tabela systemowa.","Tabela ""CDN.SchKsiElem"" w domenie Ogólne. Tabela systemowa.",87a880fc7a97098ae7d8240a912d69c4dcea3d334e6966aebf654b600d108a2a,59,CDN_TEST:TABLE:CDN.SchKsiElem,,heuristic,pl,GENERAL_ERP
BD_CDN_TEST_TABLE_CDN_TRASELEMDOST,CDN.TraSElemDost,"Tabela ""CDN.TraSElemDost"" w domenie Ogólne. Tabela systemowa.","Tabela ""CDN.TraSElemDost"" w domenie Ogólne. Tabela systemowa.",209e10a8f03a01e39a9ed581eb14da19ebbe600a5905afa6590949d4f88eb913,61,CDN_TEST:TABLE:CDN.TraSElemDost,,heuristic,pl,TRADE_DOCUMENTS
BD_CDN_TEST_TABLE_CDN_DLGZALICZKI,CDN.DlgZaliczki,"Tabela ""CDN.DlgZaliczki"" w domenie Ogólne. Tabela systemowa.","Tabela ""CDN.DlgZaliczki"" w domenie Ogólne. Tabela systemowa.",afa1cd6eee7778b6cf11931fdef94d3596f1fd8d200e9d6ae71b1dedd3a8e156,60,CDN_TEST:TABLE:CDN.DlgZaliczki,,heuristic,pl,GENERAL_ERP
BD_CDN_TEST_TABLE_CDN_REJESTRCZYNNOSCI,CDN.RejestrCzynnosci,"Tabela ""CDN.RejestrCzynnosci"" w domenie Finanse-Księgowość. Tabela systemowa.","Tabela ""CDN.RejestrCzynnosci"" w domenie Finanse-Księgowość. Tabela systemowa.",8442dbeee48ec76acecb684562bbaf298577121d965fd23a2b314c2106120c45,77,CDN_TEST:TABLE:CDN.RejestrCzynnosci,,heuristic,pl,GENERAL_ERP
BD_CDN_TEST_TABLE_CDN_DEKLV27,CDN.DeklV27,"Tabela ""CDN.DeklV27"" w domenie Ogólne. Tabela systemowa.","Tabela ""CDN.DeklV27"" w domenie Ogólne. Tabela systemowa.",8367683b8a00234a8b5cdbb19aaf4f218da81d67fa08402f2855b2db6cee4cbe,56,CDN_TEST:TABLE:CDN.DeklV27,,heuristic,pl,COMPLIANCE_ACCOUNTING
BD_CDN_TEST_TABLE_CDN_SYSTEMCDN,CDN.SystemCDN,"Tabela ""CDN.SystemCDN"" w domenie Ogólne. Tabela systemowa.","Tabela ""CDN.SystemCDN"" w domenie Ogólne. Tabela systemowa.",f20b7bf939c4e08f33681b764f365323139bfee1f13ec29ef4bdfd000029e33c,58,CDN_TEST:TABLE:CDN.SystemCDN,,heuristic,pl,GENERAL_ERP
BD_CDN_TEST_TABLE_CDN_SCHKSINAG,CDN.SchKsiNag,"Tabela ""CDN.SchKsiNag"" w domenie Ogólne. Tabela systemowa.","Tabela ""CDN.SchKsiNag"" w domenie Ogólne. Tabela systemowa.",71e0aa7911008522526f23df6874e15b541839d7c6145a399e07a92743148b0c,58,CDN_TEST:TABLE:CDN.SchKsiNag,,heuristic,pl,GENERAL_ERP
BD_CDN_TEST_TABLE_CDN_BNKSPOSOBYLOGOWANIA,CDN.BnkSposobyLogowania,"Tabela ""CDN.BnkSposobyLogowania"" w domenie Ogólne. Tabela systemowa.","Tabela ""CDN.BnkSposobyLogowania"" w domenie Ogólne. Tabela systemowa.",dedc45222013701d28a5f059626e85c36000a6133a0d73b797f0e41598431a9c,68,CDN_TEST:TABLE:CDN.BnkSposobyLogowania,,heuristic,pl,BANK_CASH
BD_CDN_TEST_TABLE_CDN_KRAGKOSZTELEM,CDN.KragKosztElem,"Tabela ""CDN.KragKosztElem"" w domenie Finanse-Księgowość. Tabela systemowa.","Tabela ""CDN.KragKosztElem"" w domenie Finanse-Księgowość. Tabela systemowa.",924e0532f27b951ee9e6fcc6b564e21724c527285aaae4097d06e122a44a2554,74,CDN_TEST:TABLE:CDN.KragKosztElem,,heuristic,pl,GENERAL_ERP
BD_CDN_TEST_TABLE_CDN_CFGWARTOSCI,CDN.CfgWartosci,"Tabela ""CDN.CfgWartosci"" w domenie Ogólne. Konfiguracja systemu — klucze i wartości konfiguracyjne.","Tabela ""CDN.CfgWartosci"" w domenie Ogólne. Konfiguracja systemu — klucze i wartości konfiguracyjne.",a1c67cdfd9c794c773b0577aaf6274c5dbd8be8671906b5fc30cb63511b93117,99,CDN_TEST:TABLE:CDN.CfgWartosci,,heuristic,pl,CONFIGURATION_ADMIN
BD_CDN_TEST_TABLE_CDN_ANKSLOWNIKPYTANODP,CDN.AnkSlownikPytanOdp,"Tabela ""CDN.AnkSlownikPytanOdp"" w domenie Ogólne. Tabela systemowa.","Tabela ""CDN.AnkSlownikPytanOdp"" w domenie Ogólne. Tabela systemowa.",0900e65664e795be2d2ea331a72dd8970f16a8635ac2333ce16425778fb7b5d9,67,CDN_TEST:TABLE:CDN.AnkSlownikPytanOdp,,heuristic,pl,GENERAL_ERP
BD_CDN_TEST_TABLE_CDN_ZESTAWYTWRSKLADNIKI,CDN.ZestawyTwrSkladniki,"Tabela ""CDN.ZestawyTwrSkladniki"" w domenie Ogólne. Tabela systemowa.","Tabela ""CDN.ZestawyTwrSkladniki"" w domenie Ogólne. Tabela systemowa.",8ea2c3c1a3f3f6e15eb577a3612a00970c977d7c559d1e7681c80533cc891212,68,CDN_TEST:TABLE:CDN.ZestawyTwrSkladniki,,heuristic,pl,PRODUCTS_WAREHOUSE
BD_CDN_TEST_TABLE_CDN_DEKLZAKLADY,CDN.DeklZaklady,"Tabela ""CDN.DeklZaklady"" w domenie Ogólne. Tabela systemowa.","Tabela ""CDN.DeklZaklady"" w domenie Ogólne. Tabela systemowa.",fd81f6e9488143f7244fab1c293f793194ef505b8c10440b2772a37ccaa175ad,60,CDN_TEST:TABLE:CDN.DeklZaklady,,heuristic,pl,COMPLIANCE_ACCOUNTING
BD_CDN_TEST_TABLE_CDN_SZDEKELEM,CDN.SzDekElem,"Tabela ""CDN.SzDekElem"" w domenie Ogólne. Tabela systemowa.","Tabela ""CDN.SzDekElem"" w domenie Ogólne. Tabela systemowa.",142b6f09b05aff8305fac1f7be439485d00ba7db92c43a83d4704439eaf79051,58,CDN_TEST:TABLE:CDN.SzDekElem,,heuristic,pl,COMPLIANCE_ACCOUNTING
BD_CDN_TEST_TABLE_CDN_PRACPITKWOTY,CDN.PracPitKwoty,"Tabela ""CDN.PracPitKwoty"" w domenie Ogólne. Tabela systemowa.","Tabela ""CDN.PracPitKwoty"" w domenie Ogólne. Tabela systemowa.",d2a23fd47abb277401791a81073100c94202ec15bc40cd3bd4882be3556614ff,61,CDN_TEST:TABLE:CDN.PracPitKwoty,,heuristic,pl,HR_PAYROLL
BD_CDN_TEST_TABLE_CDN_DLGDOKUMENTY,CDN.DlgDokumenty,"Tabela ""CDN.DlgDokumenty"" w domenie Handel. Tabela systemowa.","Tabela ""CDN.DlgDokumenty"" w domenie Handel. Tabela systemowa.",8e29533c57a24f0a5e4decc4855fccb2febc1fd04b3e27ae5a5c1fd8c8893ccf,61,CDN_TEST:TABLE:CDN.DlgDokumenty,,heuristic,pl,GENERAL_ERP
BD_CDN_TEST_TABLE_CDN_TRAELEMKORZBIORCZA,CDN.TraElemKorZbiorcza,"Tabela ""CDN.TraElemKorZbiorcza"" w domenie Handel. Tabela systemowa.","Tabela ""CDN.TraElemKorZbiorcza"" w domenie Handel. Tabela systemowa.",cf3fa5efe80931741d0abadbccbf0b7f927c2c3a70be8e569c8da7980708aef5,67,CDN_TEST:TABLE:CDN.TraElemKorZbiorcza,,heuristic,pl,TRADE_DOCUMENTS
BD_CDN_TEST_TABLE_CDN_KRAGKOSZTNAG,CDN.KragKosztNag,"Tabela ""CDN.KragKosztNag"" w domenie Finanse-Księgowość. Tabela systemowa.","Tabela ""CDN.KragKosztNag"" w domenie Finanse-Księgowość. Tabela systemowa.",61a94eadc16eb440ed956d2a9a0e5252fc0256b2d1d7a845f2bfd7d760d6a719,73,CDN_TEST:TABLE:CDN.KragKosztNag,,heuristic,pl,GENERAL_ERP
BD_CDN_TEST_TABLE_CDN_ANKWZORZECANKIETYNAG,CDN.AnkWzorzecAnkietyNag,"Tabela ""CDN.AnkWzorzecAnkietyNag"" w domenie Ogólne. Tabela systemowa.","Tabela ""CDN.AnkWzorzecAnkietyNag"" w domenie Ogólne. Tabela systemowa.",f4643c3928d6769ac352e2c79e5ce2ac6d266d892e0e3d30d54381c2d309b838,69,CDN_TEST:TABLE:CDN.AnkWzorzecAnkietyNag,,heuristic,pl,GENERAL_ERP
BD_CDN_TEST_TABLE_CDN_BNKRACHUNKI,CDN.BnkRachunki,"Tabela ""CDN.BnkRachunki"" w domenie Ogólne. Tabela systemowa.","Tabela ""CDN.BnkRachunki"" w domenie Ogólne. Tabela systemowa.",786ef70ea888fb56a1816f43e9a886ffdbf3830fd2a91e399681524ab5fe2893,60,CDN_TEST:TABLE:CDN.BnkRachunki,,heuristic,pl,BANK_CASH
BD_CDN_TEST_TABLE_CDN_KRD,CDN.Krd,"Tabela ""CDN.Krd"" w domenie Ogólne. Tabela systemowa.","Tabela ""CDN.Krd"" w domenie Ogólne. Tabela systemowa.",d128e035ca9a2ecbb1f991c83dd3eb340d4f24694dea5ad2d5807f2cf30f095c,52,CDN_TEST:TABLE:CDN.Krd,,heuristic,pl,GENERAL_ERP
BD_CDN_TEST_TABLE_CDN_SZDEKNAG,CDN.SzDekNag,"Tabela ""CDN.SzDekNag"" w domenie Ogólne. Tabela systemowa.","Tabela ""CDN.SzDekNag"" w domenie Ogólne. Tabela systemowa.",e15074298c3f4568a3160821288b0e856ce2f1e22b53f9d1f9df98943bfa7c99,57,CDN_TEST:TABLE:CDN.SzDekNag,,heuristic,pl,COMPLIANCE_ACCOUNTING
BD_CDN_TEST_TABLE_CDN_PRACPITMIES,CDN.PracPitMies,"Tabela ""CDN.PracPitMies"" w domenie Ogólne. Tabela systemowa.","Tabela ""CDN.PracPitMies"" w domenie Ogólne. Tabela systemowa.",62217dff77595ce8c9a16cd1608569d627e4f74568be4be5aeb199d85d81eb39,60,CDN_TEST:TABLE:CDN.PracPitMies,,heuristic,pl,HR_PAYROLL
BD_CDN_TEST_TABLE_CDN_DPD,CDN.DPD,"Tabela ""CDN.DPD"" w domenie Ogólne. Tabela systemowa.","Tabela ""CDN.DPD"" w domenie Ogólne. Tabela systemowa.",b7626de596f41e51dc710f8313a41def2d64021c089a9b03fee76e042bb16e6f,52,CDN_TEST:TABLE:CDN.DPD,,heuristic,pl,GENERAL_ERP
BD_CDN_TEST_TABLE_CDN_TRAVAT,CDN.TraVat,"Tabela ""CDN.TraVat"" w domenie Finanse-Księgowość. Tabela systemowa.","Tabela ""CDN.TraVat"" w domenie Finanse-Księgowość. Tabela systemowa.",44969b7559ee2e5c8eda90bb50573d986bdca1ffe674acc074968c54c71ac6df,67,CDN_TEST:TABLE:CDN.TraVat,,heuristic,pl,TRADE_DOCUMENTS
BD_CDN_TEST_TABLE_CDN_TRANAGKSEFPODMIOTY3,CDN.TraNagKSeFPodmioty3,"Tabela ""CDN.TraNagKSeFPodmioty3"" w domenie Handel. Tabela systemowa.","Tabela ""CDN.TraNagKSeFPodmioty3"" w domenie Handel. Tabela systemowa.",aae8edd4a662315639c085045c23becd1f9ee15b64e93a737c76a7a1b20b930d,68,CDN_TEST:TABLE:CDN.TraNagKSeFPodmioty3,,heuristic,pl,COMPLIANCE_ACCOUNTING
BD_CDN_TEST_TABLE_CDN_PANSTWATRZECIE,CDN.PanstwaTrzecie,"Tabela ""CDN.PanstwaTrzecie"" w domenie Ogólne. Tabela systemowa.","Tabela ""CDN.PanstwaTrzecie"" w domenie Ogólne. Tabela systemowa.",955cf4307fa81caabda4e4283ce2fe851ce001a1438987e60f25e41061ab98ea,63,CDN_TEST:TABLE:CDN.PanstwaTrzecie,,heuristic,pl,GENERAL_ERP
BD_CDN_TEST_TABLE_CDN_VATTAB,CDN.VatTab,"Tabela ""CDN.VatTab"" w domenie Ogólne. Tabela systemowa.","Tabela ""CDN.VatTab"" w domenie Ogólne. Tabela systemowa.",44fe841c010eb1667988dc7ba41edd8ba5d27beb24fa11fa07028fd8dbef21b2,55,CDN_TEST:TABLE:CDN.VatTab,,heuristic,pl,COMPLIANCE_ACCOUNTING
BD_CDN_TEST_TABLE_CDN_SENDITADRESYNADAWCZE,CDN.SenditAdresyNadawcze,"Tabela ""CDN.SenditAdresyNadawcze"" w domenie Kontrahenci. Tabela systemowa.","Tabela ""CDN.SenditAdresyNadawcze"" w domenie Kontrahenci. Tabela systemowa.",121a2063f573c013d1c2c6525f649f4f0c44a3a24153c09691589332e42ca203,74,CDN_TEST:TABLE:CDN.SenditAdresyNadawcze,,heuristic,pl,GENERAL_ERP
BD_CDN_TEST_TABLE_CDN_SCHKSIRELAC,CDN.SchKsiRelac,"Tabela ""CDN.SchKsiRelac"" w domenie Ogólne. Tabela systemowa.","Tabela ""CDN.SchKsiRelac"" w domenie Ogólne. Tabela systemowa.",bd585749a02697aac912ec34ec8bd915229a3091cb5c2a244b9493931b80c095,60,CDN_TEST:TABLE:CDN.SchKsiRelac,,heuristic,pl,GENERAL_ERP
BD_CDN_TEST_TABLE_CDN_PRACPLANDNI,CDN.PracPlanDni,"Tabela ""CDN.PracPlanDni"" w domenie Ogólne. Tabela systemowa.","Tabela ""CDN.PracPlanDni"" w domenie Ogólne. Tabela systemowa.",614a7c7c2497d9a9cda15cf69380594b689755f536f2afc29cdceb5dc94c5673,60,CDN_TEST:TABLE:CDN.PracPlanDni,,heuristic,pl,HR_PAYROLL
BD_CDN_TEST_TABLE_CDN_FACYKLELEM,CDN.FaCyklElem,"Tabela ""CDN.FaCyklElem"" w domenie Ogólne. Tabela systemowa.","Tabela ""CDN.FaCyklElem"" w domenie Ogólne. Tabela systemowa.",b21d8314446e736c5dfce8adac5c1064c996f3cd9f0ac840c3c8325ab3a54abc,59,CDN_TEST:TABLE:CDN.FaCyklElem,,heuristic,pl,GENERAL_ERP
BD_CDN_TEST_TABLE_CDN_TRWALE,CDN.Trwale,"Tabela ""CDN.Trwale"" w domenie Ogólne. Tabela systemowa.","Tabela ""CDN.Trwale"" w domenie Ogólne. Tabela systemowa.",46639a9620cffbb309c4079fff92fbc28813c6719884abb3a368c2fddefd515c,55,CDN_TEST:TABLE:CDN.Trwale,,heuristic,pl,GENERAL_ERP
BD_CDN_TEST_TABLE_CDN_VATNAGKSEFPODMIOTY3,CDN.VatNagKSeFPodmioty3,"Tabela ""CDN.VatNagKSeFPodmioty3"" w domenie Ogólne. Tabela systemowa.","Tabela ""CDN.VatNagKSeFPodmioty3"" w domenie Ogólne. Tabela systemowa.",d6d151080acb1c9ef12405149226b763fbe520a7182b89014ef68a39c86c1adb,68,CDN_TEST:TABLE:CDN.VatNagKSeFPodmioty3,,heuristic,pl,COMPLIANCE_ACCOUNTING
BD_CDN_TEST_TABLE_CDN_ZESTAWYREGUL,CDN.ZestawyRegul,"Tabela ""CDN.ZestawyRegul"" w domenie Ogólne. Tabela systemowa.","Tabela ""CDN.ZestawyRegul"" w domenie Ogólne. Tabela systemowa.",f1830a11dd9883bf63a2ca8a7e3d69721abb5ef0d642456c60778abcf112e2f7,61,CDN_TEST:TABLE:CDN.ZestawyRegul,,heuristic,pl,HR_PAYROLL
BD_CDN_TEST_TABLE_CDN_PRACTECZKI,CDN.PracTeczki,"Tabela ""CDN.PracTeczki"" w domenie Ogólne. Tabela systemowa.","Tabela ""CDN.PracTeczki"" w domenie Ogólne. Tabela systemowa.",cb4635346414f1b3ad686deaa4832d2d68184e7bc07ca8347cb3224a0a86ed0d,59,CDN_TEST:TABLE:CDN.PracTeczki,,heuristic,pl,HR_PAYROLL
BD_CDN_TEST_TABLE_CDN_CRMKONTAKTYCYKL,CDN.CrmKontaktyCykl,"Tabela ""CDN.CrmKontaktyCykl"" w domenie CRM. Tabela systemowa.","Tabela ""CDN.CrmKontaktyCykl"" w domenie CRM. Tabela systemowa.",39e550f980b9ca5f0a329f8b6855a8b538a803ee544925d467b28f7e169aa54e,61,CDN_TEST:TABLE:CDN.CrmKontaktyCykl,,heuristic,pl,GENERAL_ERP
BD_CDN_TEST_TABLE_CDN_VATZD,CDN.VatZD,"Tabela ""CDN.VatZD"" w domenie Ogólne. Tabela systemowa.","Tabela ""CDN.VatZD"" w domenie Ogólne. Tabela systemowa.",78d62582258425c8ee17397f59487ce26a8d3a39f7d54cc037ddb298a3f34afa,54,CDN_TEST:TABLE:CDN.VatZD,,heuristic,pl,GENERAL_ERP
BD_CDN_TEST_TABLE_CDN_SERIEKALNAG,CDN.SerieKalNag,"Tabela ""CDN.SerieKalNag"" w domenie Ogólne. Tabela systemowa.","Tabela ""CDN.SerieKalNag"" w domenie Ogólne. Tabela systemowa.",0e0a48a8963051135d24c733904aa45e44cc0446d8dbf1c8dac133163430f8d2,60,CDN_TEST:TABLE:CDN.SerieKalNag,,heuristic,pl,GENERAL_ERP
BD_CDN_TEST_TABLE_CDN_EDNKSEFPODMIOTY3,CDN.EDNKSeFPodmioty3,"Tabela ""CDN.EDNKSeFPodmioty3"" w domenie Ogólne. Tabela systemowa.","Tabela ""CDN.EDNKSeFPodmioty3"" w domenie Ogólne. Tabela systemowa.",33c137d778b859ee5f9e0782837c2e6422678e9be7e78cb302772c8d229d0ed8,65,CDN_TEST:TABLE:CDN.EDNKSeFPodmioty3,,heuristic,pl,COMPLIANCE_ACCOUNTING
BD_CDN_TEST_TABLE_CDN_ZESTAWYREGULELEM,CDN.ZestawyRegulElem,"Tabela ""CDN.ZestawyRegulElem"" w domenie Ogólne. Tabela systemowa.","Tabela ""CDN.ZestawyRegulElem"" w domenie Ogólne. Tabela systemowa.",7eb42018098db36ff64892425a0a81f7f319ee408302580e9e31e637294629c8,65,CDN_TEST:TABLE:CDN.ZestawyRegulElem,,heuristic,pl,HR_PAYROLL
BD_CDN_TEST_TABLE_CDN_KSIDOKELEM,CDN.KsiDokElem,"Tabela ""CDN.KsiDokElem"" w domenie Ogólne. Tabela systemowa.","Tabela ""CDN.KsiDokElem"" w domenie Ogólne. Tabela systemowa.",2b188d5686aee04c908ceae6968ac8a755b94d4b36fef0753adbd220bec3e4f8,59,CDN_TEST:TABLE:CDN.KsiDokElem,,heuristic,pl,GENERAL_ERP
BD_CDN_TEST_TABLE_CDN_CRMDOKUMENTY,CDN.CRMDokumenty,"Tabela ""CDN.CRMDokumenty"" w domenie Handel. Tabela systemowa.","Tabela ""CDN.CRMDokumenty"" w domenie Handel. Tabela systemowa.",cb6d856b7ddfef6b5bbfa35281143563b926321c33a11798f7a30a78f601bad2,61,CDN_TEST:TABLE:CDN.CRMDokumenty,,heuristic,pl,GENERAL_ERP
BD_CDN_TEST_TABLE_CDN_ANKWZORZECANKIETYPYT,CDN.AnkWzorzecAnkietyPyt,"Tabela ""CDN.AnkWzorzecAnkietyPyt"" w domenie Ogólne. Tabela systemowa.","Tabela ""CDN.AnkWzorzecAnkietyPyt"" w domenie Ogólne. Tabela systemowa.",8e4e42b684b21c53aa55b9ebf228d67649b071725a12f1e377ee2578147811b6,69,CDN_TEST:TABLE:CDN.AnkWzorzecAnkietyPyt,,heuristic,pl,GENERAL_ERP
BD_CDN_TEST_TABLE_CDN_TOWARY,CDN.Towary,"Tabela ""CDN.Towary"" w domenie Magazyn. Kartoteka towarów — nazwy, kody, jednostki miary, stawki VAT, ceny.","Tabela ""CDN.Towary"" w domenie Magazyn. Kartoteka towarów — nazwy, kody, jednostki miary, stawki VAT, ceny.",88ae990fe32a85c360f473570980eb53dcfec15f654fb4039cf718d10d33eee7,106,CDN_TEST:TABLE:CDN.Towary,,heuristic,pl,PRODUCTS_WAREHOUSE
BD_CDN_TEST_TABLE_CDN_KSEFODBIORKOLEJNOSCWYSZUKIWANIAPOZYCJI,CDN.KSeFOdbiorKolejnoscWyszukiwaniaPozycji,"Tabela ""CDN.KSeFOdbiorKolejnoscWyszukiwaniaPozycji"" w domenie Ogólne. Tabela systemowa.","Tabela ""CDN.KSeFOdbiorKolejnoscWyszukiwaniaPozycji"" w domenie Ogólne. Tabela systemowa.",26393d720059ceae5fa8ac2f4c08972feea941d9762391c7e3af412d4c1b39a2,87,CDN_TEST:TABLE:CDN.KSeFOdbiorKolejnoscWyszukiwaniaPozycji,,heuristic,pl,COMPLIANCE_ACCOUNTING
BD_CDN_TEST_TABLE_CDN_ZESTKSIKOL,CDN.ZestKsiKol,"Tabela ""CDN.ZestKsiKol"" w domenie Ogólne. Tabela systemowa.","Tabela ""CDN.ZestKsiKol"" w domenie Ogólne. Tabela systemowa.",56ee4f51740afc8605ff69d826bdec5d4248a8865f6c90e76bf55aa4e00dc506,59,CDN_TEST:TABLE:CDN.ZestKsiKol,,heuristic,pl,GENERAL_ERP
BD_CDN_TEST_TABLE_CDN_DEKLWYDR,CDN.DeklWydr,"Tabela ""CDN.DeklWydr"" w domenie Ogólne. Tabela systemowa.","Tabela ""CDN.DeklWydr"" w domenie Ogólne. Tabela systemowa.",f9838e4d74203ad9c46911f9ee53ff65e526d2e2949328aabad4672500654cff,57,CDN_TEST:TABLE:CDN.DeklWydr,,heuristic,pl,COMPLIANCE_ACCOUNTING
BD_CDN_TEST_TABLE_CDN_KSIDOKNAG,CDN.KsiDokNag,"Tabela ""CDN.KsiDokNag"" w domenie Ogólne. Tabela systemowa.","Tabela ""CDN.KsiDokNag"" w domenie Ogólne. Tabela systemowa.",655645c8305f623f5d7506cd14255e87203636c134ac788fe6917dab52b401f0,58,CDN_TEST:TABLE:CDN.KsiDokNag,,heuristic,pl,GENERAL_ERP
BD_CDN_TEST_TABLE_CDN_CRMKONTAKTY,CDN.CRMKontakty,"Tabela ""CDN.CRMKontakty"" w domenie CRM. Tabela systemowa.","Tabela ""CDN.CRMKontakty"" w domenie CRM. Tabela systemowa.",85beedac23875e3a5eefd8aa19f332b45ce3182e99880394aac47c10ca5b2a17,57,CDN_TEST:TABLE:CDN.CRMKontakty,,heuristic,pl,GENERAL_ERP
BD_CDN_TEST_TABLE_CDN_ANKWZORZECANKIETYANKIETOWANI,CDN.AnkWzorzecAnkietyAnkietowani,"Tabela ""CDN.AnkWzorzecAnkietyAnkietowani"" w domenie Ogólne. Tabela systemowa.","Tabela ""CDN.AnkWzorzecAnkietyAnkietowani"" w domenie Ogólne. Tabela systemowa.",9dd8af382a313b41643fe624d614c322b92b397acc276a3d779a2bf330cd9b43,77,CDN_TEST:TABLE:CDN.AnkWzorzecAnkietyAnkietowani,,heuristic,pl,PRODUCTS_WAREHOUSE
BD_CDN_TEST_TABLE_CDN_KALENDDNI,CDN.KalendDni,"Tabela ""CDN.KalendDni"" w domenie Ogólne. Tabela systemowa.","Tabela ""CDN.KalendDni"" w domenie Ogólne. Tabela systemowa.",a40efd827ac16cbdd9c656288e3dbe0c0cf969537ce95d0fa001ac742e73abf4,58,CDN_TEST:TABLE:CDN.KalendDni,,heuristic,pl,GENERAL_ERP
BD_CDN_TEST_TABLE_CDN_JMMAPOWANIE,CDN.JMMapowanie,"Tabela ""CDN.JMMapowanie"" w domenie Ogólne. Tabela systemowa.","Tabela ""CDN.JMMapowanie"" w domenie Ogólne. Tabela systemowa.",dd1fc20df35f1b2957f4bf0c7f1454c098079e316f1751f47117eab2854a0677,60,CDN_TEST:TABLE:CDN.JMMapowanie,,heuristic,pl,GENERAL_ERP
BD_CDN_TEST_TABLE_CDN_ZESTKSINAG,CDN.ZestKsiNag,"Tabela ""CDN.ZestKsiNag"" w domenie Ogólne. Tabela systemowa.","Tabela ""CDN.ZestKsiNag"" w domenie Ogólne. Tabela systemowa.",ff2286687b5689934d7185b78a9f96042f57884259338a6b16a115306ef1133a,59,CDN_TEST:TABLE:CDN.ZestKsiNag,,heuristic,pl,GENERAL_ERP
BD_CDN_TEST_TABLE_CDN_PRACTECZKIDOKUMENTY,CDN.PracTeczkiDokumenty,"Tabela ""CDN.PracTeczkiDokumenty"" w domenie Handel. Tabela systemowa.","Tabela ""CDN.PracTeczkiDokumenty"" w domenie Handel. Tabela systemowa.",49755be776205a4cc73b8e04e8859bc634f32754e8196ec27f3d9a17fa2b09f7,68,CDN_TEST:TABLE:CDN.PracTeczkiDokumenty,,heuristic,pl,HR_PAYROLL
BD_CDN_TEST_TABLE_CDN_DEKRETYELEM,CDN.DekretyElem,"Tabela ""CDN.DekretyElem"" w domenie Finanse-Księgowość. Dekrety księgowe — zapisy na kontach księgowych.","Tabela ""CDN.DekretyElem"" w domenie Finanse-Księgowość. Dekrety księgowe — zapisy na kontach księgowych.",e6ebdea54d2b96c47808f0de8eaea828f4f4fd7b24960b72489e9d94338aa58b,103,CDN_TEST:TABLE:CDN.DekretyElem,,heuristic,pl,COMPLIANCE_ACCOUNTING
BD_CDN_TEST_TABLE_CDN_ANKANKIETYNAG,CDN.AnkAnkietyNag,"Tabela ""CDN.AnkAnkietyNag"" w domenie Ogólne. Tabela systemowa.","Tabela ""CDN.AnkAnkietyNag"" w domenie Ogólne. Tabela systemowa.",2846033c277b524f4268f617922f172f0a9a7c92f2e71b2263de9dc39987ddfb,62,CDN_TEST:TABLE:CDN.AnkAnkietyNag,,heuristic,pl,GENERAL_ERP
BD_CDN_TEST_TABLE_CDN_BNKRACHZAKAZY,CDN.BnkRachZakazy,"Tabela ""CDN.BnkRachZakazy"" w domenie Ogólne. Tabela systemowa.","Tabela ""CDN.BnkRachZakazy"" w domenie Ogólne. Tabela systemowa.",68d1457b289179a03d057a51bbd119fa5f525bef34b75af07d4650a58f5a8bd5,62,CDN_TEST:TABLE:CDN.BnkRachZakazy,,heuristic,pl,BANK_CASH
BD_CDN_TEST_TABLE_CDN_PRACPRACADNI,CDN.PracPracaDni,"Tabela ""CDN.PracPracaDni"" w domenie Ogólne. Tabela systemowa.","Tabela ""CDN.PracPracaDni"" w domenie Ogólne. Tabela systemowa.",c1fcb738ce8c36384bc39682d24c8206ff595d0e9c1477038e2b24d752e6be16,61,CDN_TEST:TABLE:CDN.PracPracaDni,,heuristic,pl,HR_PAYROLL
BD_CDN_TEST_TABLE_CDN_DETALZAKAZYMAGAZYN,CDN.DetalZakazyMagazyn,"Tabela ""CDN.DetalZakazyMagazyn"" w domenie Magazyn. Definicje magazynów i ich stany magazynowe.","Tabela ""CDN.DetalZakazyMagazyn"" w domenie Magazyn. Definicje magazynów i ich stany magazynowe.",bc0fa5cac3402e7e0827848faf58fb086537476e31a985d07e22a5eb29764eff,94,CDN_TEST:TABLE:CDN.DetalZakazyMagazyn,,heuristic,pl,PRODUCTS_WAREHOUSE
BD_CDN_TEST_TABLE_CDN_OFERTYELEMCENY,CDN.OfertyElemCeny,"Tabela ""CDN.OfertyElemCeny"" w domenie Magazyn. Tabela systemowa.","Tabela ""CDN.OfertyElemCeny"" w domenie Magazyn. Tabela systemowa.",899d871c4cc67d3d20db128bc05bd5ff164c340ce654014f76dbb8f3f23685ba,64,CDN_TEST:TABLE:CDN.OfertyElemCeny,,heuristic,pl,GENERAL_ERP
BD_CDN_TEST_TABLE_CDN_VATTAB7,CDN.VatTab7,"Tabela ""CDN.VatTab7"" w domenie Ogólne. Tabela systemowa.","Tabela ""CDN.VatTab7"" w domenie Ogólne. Tabela systemowa.",1020d96bf4bcd70348923065a9ed8632d57df754641f05791ba00f9c1c4790fb,56,CDN_TEST:TABLE:CDN.VatTab7,,heuristic,pl,COMPLIANCE_ACCOUNTING
BD_CDN_TEST_TABLE_CDN_SERIEKALPOZ,CDN.SerieKalPoz,"Tabela ""CDN.SerieKalPoz"" w domenie Ogólne. Tabela systemowa.","Tabela ""CDN.SerieKalPoz"" w domenie Ogólne. Tabela systemowa.",f759a05c10b1e9c6bb91bc8b4d236daedff64987f39212614d2564e9c98e9c9c,60,CDN_TEST:TABLE:CDN.SerieKalPoz,,heuristic,pl,GENERAL_ERP
BD_CDN_TEST_TABLE_CDN_PRACKOSZTY50,CDN.PracKoszty50,"Tabela ""CDN.PracKoszty50"" w domenie Finanse-Księgowość. Tabela systemowa.","Tabela ""CDN.PracKoszty50"" w domenie Finanse-Księgowość. Tabela systemowa.",8599d9661dfbe9c59aa6cbb84ec5f3ed8cb10d0ceda346f0f6363ec19503598b,73,CDN_TEST:TABLE:CDN.PracKoszty50,,heuristic,pl,HR_PAYROLL
BD_CDN_TEST_TABLE_CDN_FACYKLKNT,CDN.FaCyklKnt,"Tabela ""CDN.FaCyklKnt"" w domenie Ogólne. Tabela systemowa.","Tabela ""CDN.FaCyklKnt"" w domenie Ogólne. Tabela systemowa.",26c7152fb67651be4b93d719b76a21e6f2fdfbf103e83f387ac9de78b606619d,58,CDN_TEST:TABLE:CDN.FaCyklKnt,,heuristic,pl,GENERAL_ERP
BD_CDN_TEST_TABLE_CDN_DETALZAPISYKB,CDN.DetalZapisyKB,"Tabela ""CDN.DetalZapisyKB"" w domenie Ogólne. Tabela systemowa.","Tabela ""CDN.DetalZapisyKB"" w domenie Ogólne. Tabela systemowa.",905cfe68e42728e1f74075bbb1fec7656434d82a4addb0450632eb01214a56d8,62,CDN_TEST:TABLE:CDN.DetalZapisyKB,,heuristic,pl,GENERAL_ERP
BD_CDN_TEST_TABLE_CDN_DEKRETYKONTA,CDN.DekretyKonta,"Tabela ""CDN.DekretyKonta"" w domenie Finanse-Księgowość. Dekrety księgowe — zapisy na kontach księgowych.","Tabela ""CDN.DekretyKonta"" w domenie Finanse-Księgowość. Dekrety księgowe — zapisy na kontach księgowych.",6517839ba4e13f52cbc76bb3d368630acddd2b455b73020719f760c721f9b5f4,104,CDN_TEST:TABLE:CDN.DekretyKonta,,heuristic,pl,COMPLIANCE_ACCOUNTING
BD_CDN_TEST_TABLE_CDN_SRSCZESCI,CDN.SrsCzesci,"Tabela ""CDN.SrsCzesci"" w domenie Ogólne. Tabela systemowa.","Tabela ""CDN.SrsCzesci"" w domenie Ogólne. Tabela systemowa.",b2c521def9d7bd8ec5ea40d3ccfb156d2deeeb95d4d54a2d162a758cc6a73771,58,CDN_TEST:TABLE:CDN.SrsCzesci,,heuristic,pl,GENERAL_ERP
BD_CDN_TEST_TABLE_CDN_BNKRAPORTY,CDN.BnkRaporty,"Tabela ""CDN.BnkRaporty"" w domenie Ogólne. Tabela systemowa.","Tabela ""CDN.BnkRaporty"" w domenie Ogólne. Tabela systemowa.",75b72833547c80172ca146f8787c15123518792743d287f086d49c3ebe8309a3,59,CDN_TEST:TABLE:CDN.BnkRaporty,,heuristic,pl,BANK_CASH
BD_CDN_TEST_TABLE_CDN_KSIROZRACHUNKI,CDN.KsiRozrachunki,"Tabela ""CDN.KsiRozrachunki"" w domenie Finanse-Księgowość. Tabela systemowa.","Tabela ""CDN.KsiRozrachunki"" w domenie Finanse-Księgowość. Tabela systemowa.",9f448562db7561092f4965692ea996f5547f7edb81f0d21ee5154bd89cac735a,75,CDN_TEST:TABLE:CDN.KsiRozrachunki,,heuristic,pl,GENERAL_ERP
BD_CDN_TEST_TABLE_CDN_KASAPIT,CDN.KasaPit,"Tabela ""CDN.KasaPit"" w domenie Finanse-Księgowość. Tabela systemowa.","Tabela ""CDN.KasaPit"" w domenie Finanse-Księgowość. Tabela systemowa.",05ce2cfdf1b1d4f816e75cffecf865e2db164da79bf4843de6ae96709441b804,68,CDN_TEST:TABLE:CDN.KasaPit,,heuristic,pl,BANK_CASH
BD_CDN_TEST_TABLE_CDN_PERFORMANCELOG,CDN.PerformanceLog,"Tabela ""CDN.PerformanceLog"" w domenie Ogólne. Tabela systemowa.","Tabela ""CDN.PerformanceLog"" w domenie Ogólne. Tabela systemowa.",708e683e223694590d1908db8912cdd06adfd50294c0cc4f70affdfb40ec3439,63,CDN_TEST:TABLE:CDN.PerformanceLog,,heuristic,pl,GENERAL_ERP
BD_CDN_TEST_TABLE_CDN_OKRESOWEHARMONOGRAM,CDN.OkresoweHarmonogram,"Tabela ""CDN.OkresoweHarmonogram"" w domenie Ogólne. Tabela systemowa.","Tabela ""CDN.OkresoweHarmonogram"" w domenie Ogólne. Tabela systemowa.",eef447a7e6800258a50ac7c0ba1aad5f9e1b1f6408698e7658e98003c389c1c5,68,CDN_TEST:TABLE:CDN.OkresoweHarmonogram,,heuristic,pl,GENERAL_ERP
BD_CDN_TEST_TABLE_CDN_DEKRETYNAG,CDN.DekretyNag,"Tabela ""CDN.DekretyNag"" w domenie Finanse-Księgowość. Dekrety księgowe — zapisy na kontach księgowych.","Tabela ""CDN.DekretyNag"" w domenie Finanse-Księgowość. Dekrety księgowe — zapisy na kontach księgowych.",f48e3b3aeddd88050162cf8920616281f35415b09e1ae7f4d296b27c63e2d598,102,CDN_TEST:TABLE:CDN.DekretyNag,,heuristic,pl,COMPLIANCE_ACCOUNTING
BD_CDN_TEST_TABLE_CDN_KARTYKREDYTOWE,CDN.KartyKredytowe,"Tabela ""CDN.KartyKredytowe"" w domenie Ogólne. Tabela systemowa.","Tabela ""CDN.KartyKredytowe"" w domenie Ogólne. Tabela systemowa.",4de60344ed9b8a8a6dd3deff87474644f5b0b1994881c1bfdceb752fd1ad164f,63,CDN_TEST:TABLE:CDN.KartyKredytowe,,heuristic,pl,PRODUCTS_WAREHOUSE
BD_CDN_TEST_TABLE_CDN_DANEKADSTR,CDN.DaneKadStr,"Tabela ""CDN.DaneKadStr"" w domenie Ogólne. Tabela systemowa.","Tabela ""CDN.DaneKadStr"" w domenie Ogólne. Tabela systemowa.",d5b1eb51a46ab784b3a25248765519b6182592c3e1dc695c21e53ade9ad6ea3b,59,CDN_TEST:TABLE:CDN.DaneKadStr,,heuristic,pl,PRODUCTS_WAREHOUSE
BD_CDN_TEST_TABLE_CDN_KWOTYDODATKOWE,CDN.KwotyDodatkowe,"Tabela ""CDN.KwotyDodatkowe"" w domenie Ogólne. Tabela systemowa.","Tabela ""CDN.KwotyDodatkowe"" w domenie Ogólne. Tabela systemowa.",b481ae395133c5e8a3a03a9c2429646ba77c2003424e9187f720fdc127eca597,63,CDN_TEST:TABLE:CDN.KwotyDodatkowe,,heuristic,pl,GENERAL_ERP
BD_CDN_TEST_TABLE_CDN_KASAPITKWOTY,CDN.KasaPitKwoty,"Tabela ""CDN.KasaPitKwoty"" w domenie Finanse-Księgowość. Tabela systemowa.","Tabela ""CDN.KasaPitKwoty"" w domenie Finanse-Księgowość. Tabela systemowa.",e45e595704f5cc9575ba1e92eb0c46edfd8b262106d83c3e43d06e773959030c,73,CDN_TEST:TABLE:CDN.KasaPitKwoty,,heuristic,pl,BANK_CASH
BD_CDN_TEST_TABLE_CDN_ANKANKIETYPYT,CDN.AnkAnkietyPyt,"Tabela ""CDN.AnkAnkietyPyt"" w domenie Ogólne. Tabela systemowa.","Tabela ""CDN.AnkAnkietyPyt"" w domenie Ogólne. Tabela systemowa.",0d5388cb43158e2d84d5edeae2ded03b1ea2a1c54ab92a61907db049a8745f05,62,CDN_TEST:TABLE:CDN.AnkAnkietyPyt,,heuristic,pl,GENERAL_ERP
BD_CDN_TEST_TABLE_CDN_PRACSCHORZENIA,CDN.PracSchorzenia,"Tabela ""CDN.PracSchorzenia"" w domenie Ogólne. Tabela systemowa.","Tabela ""CDN.PracSchorzenia"" w domenie Ogólne. Tabela systemowa.",394e1626c074c4dbf13e02182b4ee5da900f6b099bb35a60eadb52d069d22f43,63,CDN_TEST:TABLE:CDN.PracSchorzenia,,heuristic,pl,HR_PAYROLL
BD_CDN_TEST_TABLE_CDN_FACYKLNAG,CDN.FaCyklNag,"Tabela ""CDN.FaCyklNag"" w domenie Ogólne. Tabela systemowa.","Tabela ""CDN.FaCyklNag"" w domenie Ogólne. Tabela systemowa.",a6f10fc8dd253936dcab694a9992a9ea3a345b268858553d8bd439b4e780a717,58,CDN_TEST:TABLE:CDN.FaCyklNag,,heuristic,pl,GENERAL_ERP
BD_CDN_TEST_TABLE_CDN_TRWALEATRYBUTY,CDN.TrwaleAtrybuty,"Tabela ""CDN.TrwaleAtrybuty"" w domenie Ogólne. Tabela systemowa.","Tabela ""CDN.TrwaleAtrybuty"" w domenie Ogólne. Tabela systemowa.",5dc06d75db3b06e6015719586080f35121ebd8d46893e4b9023248c8a50a1f8f,63,CDN_TEST:TABLE:CDN.TrwaleAtrybuty,,heuristic,pl,GENERAL_ERP
BD_CDN_TEST_TABLE_CDN_ZESTKSIPOZ,CDN.ZestKsiPoz,"Tabela ""CDN.ZestKsiPoz"" w domenie Ogólne. Tabela systemowa.","Tabela ""CDN.ZestKsiPoz"" w domenie Ogólne. Tabela systemowa.",9ae031bc1c41ce26ee93cf7a64a375812bb0635c59319b5600c02c407f5be58c,59,CDN_TEST:TABLE:CDN.ZestKsiPoz,,heuristic,pl,GENERAL_ERP
BD_CDN_TEST_TABLE_CDN_DODATKI,CDN.Dodatki,"Tabela ""CDN.Dodatki"" w domenie Ogólne. Tabela systemowa.","Tabela ""CDN.Dodatki"" w domenie Ogólne. Tabela systemowa.",1f953819895400c32f43af07de426cb6fab8defc2f1b55487a0e05c502ac483e,56,CDN_TEST:TABLE:CDN.Dodatki,,heuristic,pl,GENERAL_ERP
BD_CDN_TEST_TABLE_CDN_OKRESOWEELEM,CDN.OkresoweElem,"Tabela ""CDN.OkresoweElem"" w domenie Ogólne. Tabela systemowa.","Tabela ""CDN.OkresoweElem"" w domenie Ogólne. Tabela systemowa.",9f421d2b8225a250faed99959749083dd397113b3441d714a49d3a98a9545cb2,61,CDN_TEST:TABLE:CDN.OkresoweElem,,heuristic,pl,GENERAL_ERP
BD_CDN_TEST_TABLE_CDN_KASACHOR,CDN.KasaChor,"Tabela ""CDN.KasaChor"" w domenie Finanse-Księgowość. Tabela systemowa.","Tabela ""CDN.KasaChor"" w domenie Finanse-Księgowość. Tabela systemowa.",7eb66d1e76ffedf6fca8c5de582a943a76cd89d566ce691ba99f9c8ee0a91301,69,CDN_TEST:TABLE:CDN.KasaChor,,heuristic,pl,BANK_CASH
BD_CDN_TEST_TABLE_CDN_TYPWYPLATAGRUPA,CDN.TypWyplataGrupa,"Tabela ""CDN.TypWyplataGrupa"" w domenie Ogólne. Tabela systemowa.","Tabela ""CDN.TypWyplataGrupa"" w domenie Ogólne. Tabela systemowa.",0319b572ae87142147df98c893a203d2ffa0a220b68b55780dd4227327d6382e,64,CDN_TEST:TABLE:CDN.TypWyplataGrupa,,heuristic,pl,HR_PAYROLL
BD_CDN_TEST_TABLE_CDN_WDRKOPIEELEKTRONICZNE,CDN.WdrKopieElektroniczne,"Tabela ""CDN.WdrKopieElektroniczne"" w domenie Ogólne. Tabela systemowa.","Tabela ""CDN.WdrKopieElektroniczne"" w domenie Ogólne. Tabela systemowa.",a6c0e8559c8fce59ec92d346b1541e4a45677402cecb5aa26561922f4b3c3115,70,CDN_TEST:TABLE:CDN.WdrKopieElektroniczne,,heuristic,pl,GENERAL_ERP
BD_CDN_TEST_TABLE_CDN_ANKANKIETYANKIETERZY,CDN.AnkAnkietyAnkieterzy,"Tabela ""CDN.AnkAnkietyAnkieterzy"" w domenie Ogólne. Tabela systemowa.","Tabela ""CDN.AnkAnkietyAnkieterzy"" w domenie Ogólne. Tabela systemowa.",5aa514985c43d067002570627ed9962b47a1acb2ff29706763bd6df6c7164674,69,CDN_TEST:TABLE:CDN.AnkAnkietyAnkieterzy,,heuristic,pl,GENERAL_ERP
BD_CDN_TEST_TABLE_CDN_TRWALECZESCI,CDN.TrwaleCzesci,"Tabela ""CDN.TrwaleCzesci"" w domenie Ogólne. Tabela systemowa.","Tabela ""CDN.TrwaleCzesci"" w domenie Ogólne. Tabela systemowa.",fb3c52426a9111d963b3ecbf6436eeabc22b157c2f95575d3e246ce4c085fc07,61,CDN_TEST:TABLE:CDN.TrwaleCzesci,,heuristic,pl,GENERAL_ERP
BD_CDN_TEST_TABLE_CDN_CFGINPOSTKONTAALLEGRO,CDN.CfgInpostKontaAllegro,"Tabela ""CDN.CfgInpostKontaAllegro"" w domenie Ogólne. Konfiguracja systemu — klucze i wartości konfiguracyjne.","Tabela ""CDN.CfgInpostKontaAllegro"" w domenie Ogólne. Konfiguracja systemu — klucze i wartości konfiguracyjne.",e3d196718e6225bd68196429764a899484f14121a8a0683c8157cc787b7008c0,109,CDN_TEST:TABLE:CDN.CfgInpostKontaAllegro,,heuristic,pl,CONFIGURATION_ADMIN
BD_CDN_TEST_TABLE_CDN_LIMITNIEOBEC,CDN.LimitNieobec,"Tabela ""CDN.LimitNieobec"" w domenie Ogólne. Tabela systemowa.","Tabela ""CDN.LimitNieobec"" w domenie Ogólne. Tabela systemowa.",e39f6d34bdd4a2a4561ede5c28f8f64a7c45b111f5ce379d9896a2bc525d866d,61,CDN_TEST:TABLE:CDN.LimitNieobec,,heuristic,pl,HR_PAYROLL
BD_CDN_TEST_TABLE_CDN_BNKROZKWOTY,CDN.BnkRozKwoty,"Tabela ""CDN.BnkRozKwoty"" w domenie Ogólne. Tabela systemowa.","Tabela ""CDN.BnkRozKwoty"" w domenie Ogólne. Tabela systemowa.",0491e6170255cb44ce04132e2bf80165859a6739bb8e408200e699ea060786f2,60,CDN_TEST:TABLE:CDN.BnkRozKwoty,,heuristic,pl,BANK_CASH
BD_CDN_TEST_TABLE_CDN_ZESTAWIENIAKONTA,CDN.ZestawieniaKonta,"Tabela ""CDN.ZestawieniaKonta"" w domenie Ogólne. Tabela systemowa.","Tabela ""CDN.ZestawieniaKonta"" w domenie Ogólne. Tabela systemowa.",a4391b986776cea8a9a7a342e6a111dd86849612bd23cc939fdb4136b297d2fb,65,CDN_TEST:TABLE:CDN.ZestawieniaKonta,,heuristic,pl,GENERAL_ERP
BD_CDN_TEST_TABLE_CDN_ANKANKIETYODP,CDN.AnkAnkietyOdp,"Tabela ""CDN.AnkAnkietyOdp"" w domenie Ogólne. Tabela systemowa.","Tabela ""CDN.AnkAnkietyOdp"" w domenie Ogólne. Tabela systemowa.",f09f06e09e185d7c0bcb00c9ab08822ddd8c2c48f2db7906c63bd3c2dd4f8e19,62,CDN_TEST:TABLE:CDN.AnkAnkietyOdp,,heuristic,pl,GENERAL_ERP
BD_CDN_TEST_TABLE_CDN_KATALOGI,CDN.Katalogi,"Tabela ""CDN.Katalogi"" w domenie Ogólne. Tabela systemowa.","Tabela ""CDN.Katalogi"" w domenie Ogólne. Tabela systemowa.",f0c36169ad93c08ac273d8b2f90339a0bef57cc4585f24103f16540675cabb92,57,CDN_TEST:TABLE:CDN.Katalogi,,heuristic,pl,GENERAL_ERP
BD_CDN_TEST_TABLE_CDN_TRWALEHIST,CDN.TrwaleHist,"Tabela ""CDN.TrwaleHist"" w domenie Ogólne. Tabela systemowa.","Tabela ""CDN.TrwaleHist"" w domenie Ogólne. Tabela systemowa.",d88adbe4c518c9e684a2faf5fc74a3f38899826e805293a877049b65f42e6386,59,CDN_TEST:TABLE:CDN.TrwaleHist,,heuristic,pl,GENERAL_ERP
BD_CDN_TEST_TABLE_CDN_KODYJPKV7,CDN.KodyJPKV7,"Tabela ""CDN.KodyJPKV7"" w domenie Ogólne. Tabela systemowa.","Tabela ""CDN.KodyJPKV7"" w domenie Ogólne. Tabela systemowa.",d1d999a2911741e8bdfd75459f06f5454a7ae8abdf3e39c542c370a62b806f7b,58,CDN_TEST:TABLE:CDN.KodyJPKV7,,heuristic,pl,COMPLIANCE_ACCOUNTING
BD_CDN_TEST_TABLE_CDN_OKRESOWENAG,CDN.OkresoweNag,"Tabela ""CDN.OkresoweNag"" w domenie Ogólne. Tabela systemowa.","Tabela ""CDN.OkresoweNag"" w domenie Ogólne. Tabela systemowa.",b94025bc62d55c4a25bf66302ba914f9d1ba4de5ee56b1fb35d4b21aff153384,60,CDN_TEST:TABLE:CDN.OkresoweNag,,heuristic,pl,GENERAL_ERP
BD_CDN_TEST_TABLE_CDN_ZESTKSIWYNIKI,CDN.ZestKsiWyniki,"Tabela ""CDN.ZestKsiWyniki"" w domenie Ogólne. Tabela systemowa.","Tabela ""CDN.ZestKsiWyniki"" w domenie Ogólne. Tabela systemowa.",e20acb12265ff1be7ddf3768decccff372841cdd774af385afaeb2346f56fa0e,62,CDN_TEST:TABLE:CDN.ZestKsiWyniki,,heuristic,pl,GENERAL_ERP
BD_CDN_TEST_TABLE_CDN_DODATKIHIST,CDN.DodatkiHist,"Tabela ""CDN.DodatkiHist"" w domenie Ogólne. Tabela systemowa.","Tabela ""CDN.DodatkiHist"" w domenie Ogólne. Tabela systemowa.",2884641b2d04b2bf54ffed8f3c974aa1cd74dd7ed27d59688810d6912bbdf0cb,60,CDN_TEST:TABLE:CDN.DodatkiHist,,heuristic,pl,GENERAL_ERP
BD_CDN_TEST_TABLE_CDN_CFGTOWARAUTONUMERSERIE,CDN.CfgTowarAutonumerSerie,"Tabela ""CDN.CfgTowarAutonumerSerie"" w domenie Magazyn. Konfiguracja systemu — klucze i wartości konfiguracyjne.","Tabela ""CDN.CfgTowarAutonumerSerie"" w domenie Magazyn. Konfiguracja systemu — klucze i wartości konfiguracyjne.",1a0340304ac0ae29268d6a1db5696dafb45ab31f3e64ca5b6fa489a64690407c,111,CDN_TEST:TABLE:CDN.CfgTowarAutonumerSerie,,heuristic,pl,CONFIGURATION_ADMIN
BD_CDN_TEST_TABLE_CDN_PRACZESTAW,CDN.PracZestaw,"Tabela ""CDN.PracZestaw"" w domenie Ogólne. Tabela systemowa.","Tabela ""CDN.PracZestaw"" w domenie Ogólne. Tabela systemowa.",4eb2c89ea2930015975720a6189b2d73a61e15559b9555347cd5b9bc452d9dd8,59,CDN_TEST:TABLE:CDN.PracZestaw,,heuristic,pl,HR_PAYROLL
BD_CDN_TEST_TABLE_CDN_ESKLEPADRESYNADAWCZERELACJE,CDN.eSklepAdresyNadawczeRelacje,"Tabela ""CDN.eSklepAdresyNadawczeRelacje"" w domenie Kontrahenci. Tabela systemowa.","Tabela ""CDN.eSklepAdresyNadawczeRelacje"" w domenie Kontrahenci. Tabela systemowa.",2c23df18d4ef5639818646d6c7ec03fa39f4e3cc73a3fae33d40454e452d7c86,81,CDN_TEST:TABLE:CDN.eSklepAdresyNadawczeRelacje,,heuristic,pl,GENERAL_ERP
BD_CDN_TEST_TABLE_CDN_DETALFORMYPLATNOSCI,CDN.DetalFormyPlatnosci,"Tabela ""CDN.DetalFormyPlatnosci"" w domenie Finanse-Księgowość. Formy płatności i terminy.","Tabela ""CDN.DetalFormyPlatnosci"" w domenie Finanse-Księgowość. Formy płatności i terminy.",30b826a63191de7d398b372620a74810bc411587c04123186db96b3f2af2a65d,89,CDN_TEST:TABLE:CDN.DetalFormyPlatnosci,,heuristic,pl,GENERAL_ERP
BD_CDN_TEST_TABLE_CDN_TYPWYPLATAGRUPASKLADNIKI,CDN.TypWyplataGrupaSkladniki,"Tabela ""CDN.TypWyplataGrupaSkladniki"" w domenie Ogólne. Tabela systemowa.","Tabela ""CDN.TypWyplataGrupaSkladniki"" w domenie Ogólne. Tabela systemowa.",627e9e06e8179b516fc129d8ff8978aa683a59f2e63bad1007c4a3d36db0e893,73,CDN_TEST:TABLE:CDN.TypWyplataGrupaSkladniki,,heuristic,pl,HR_PAYROLL
BD_CDN_TEST_TABLE_CDN_SPRAWOZDANIAFINANSOWE,CDN.SprawozdaniaFinansowe,"Tabela ""CDN.SprawozdaniaFinansowe"" w domenie Administracja. Tabela systemowa.","Tabela ""CDN.SprawozdaniaFinansowe"" w domenie Administracja. Tabela systemowa.",8f36bb9028e2aacf2d93fea30cebdb229ffe170e6f7379d206947b770128f9d1,77,CDN_TEST:TABLE:CDN.SprawozdaniaFinansowe,,heuristic,pl,GENERAL_ERP
BD_CDN_TEST_TABLE_CDN_CFGKURIERZY,CDN.CfgKurierzy,"Tabela ""CDN.CfgKurierzy"" w domenie Ogólne. Konfiguracja systemu — klucze i wartości konfiguracyjne.","Tabela ""CDN.CfgKurierzy"" w domenie Ogólne. Konfiguracja systemu — klucze i wartości konfiguracyjne.",565a25cf6ac5854cd68d1cdb2bbcae70aefb9d6ac8a17f47de63f7feb7bce108,99,CDN_TEST:TABLE:CDN.CfgKurierzy,,heuristic,pl,CONFIGURATION_ADMIN
BD_CDN_TEST_TABLE_CDN_SENDITZLECENIEPRZESYLKI,CDN.SenditZleceniePrzesylki,"Tabela ""CDN.SenditZleceniePrzesylki"" w domenie Magazyn. Tabela systemowa.","Tabela ""CDN.SenditZleceniePrzesylki"" w domenie Magazyn. Tabela systemowa.",4cbf9dafcea73364ae44dec9336ac213b6183686bc9e7298ef9d527578ebecc0,73,CDN_TEST:TABLE:CDN.SenditZleceniePrzesylki,,heuristic,pl,GENERAL_ERP
BD_CDN_TEST_TABLE_CDN_WKRZAZNACZENIA2,CDN.WkrZaznaczenia2,"Tabela ""CDN.WkrZaznaczenia2"" w domenie Ogólne. Tabela systemowa.","Tabela ""CDN.WkrZaznaczenia2"" w domenie Ogólne. Tabela systemowa.",788c8558707ef17e25fe403b31294b818c7e9f418ee99f4479ac60574885b74b,64,CDN_TEST:TABLE:CDN.WkrZaznaczenia2,,heuristic,pl,GENERAL_ERP
BD_CDN_TEST_TABLE_CDN_TYPWYPLATASTAZ,CDN.TypWyplataStaz,"Tabela ""CDN.TypWyplataStaz"" w domenie Ogólne. Tabela systemowa.","Tabela ""CDN.TypWyplataStaz"" w domenie Ogólne. Tabela systemowa.",f9dd79c533700669bcde488f064adbb61e84f4dce1b442fa6c8d4a4c3ced5c55,63,CDN_TEST:TABLE:CDN.TypWyplataStaz,,heuristic,pl,HR_PAYROLL
BD_CDN_TEST_TABLE_CDN_DOKKODYJPKV7,CDN.DokKodyJPKV7,"Tabela ""CDN.DokKodyJPKV7"" w domenie Ogólne. Tabela systemowa.","Tabela ""CDN.DokKodyJPKV7"" w domenie Ogólne. Tabela systemowa.",332de9fdbe95bec652cbca5e32bf20dfce544410270333d9fac8229cce0f82bd,61,CDN_TEST:TABLE:CDN.DokKodyJPKV7,,heuristic,pl,COMPLIANCE_ACCOUNTING
BD_CDN_TEST_TABLE_CDN_DETALCENY,CDN.DetalCeny,"Tabela ""CDN.DetalCeny"" w domenie Magazyn. Tabela systemowa.","Tabela ""CDN.DetalCeny"" w domenie Magazyn. Tabela systemowa.",0f6f299c105599ff0ad1ef7675270e41b21ea80cc2970a609004d42081541b8f,59,CDN_TEST:TABLE:CDN.DetalCeny,,heuristic,pl,GENERAL_ERP
BD_CDN_TEST_TABLE_CDN_CRMUCZESTNICY,CDN.CrmUczestnicy,"Tabela ""CDN.CrmUczestnicy"" w domenie CRM. Tabela systemowa.","Tabela ""CDN.CrmUczestnicy"" w domenie CRM. Tabela systemowa.",e73acb1c6a4d1fc35dc63119d0b050608a0bd4b6054e38da61cf66ebd83fd46e,59,CDN_TEST:TABLE:CDN.CrmUczestnicy,,heuristic,pl,GENERAL_ERP
BD_CDN_TEST_TABLE_CDN_WYPELEMENTY,CDN.WypElementy,"Tabela ""CDN.WypElementy"" w domenie Ogólne. Tabela systemowa.","Tabela ""CDN.WypElementy"" w domenie Ogólne. Tabela systemowa.",de6e0843a9fd8e2dcd7aa1eaf1bbd280574d4a659b30071bb8f3b6856cda7d06,60,CDN_TEST:TABLE:CDN.WypElementy,,heuristic,pl,HR_PAYROLL
BD_CDN_TEST_TABLE_CDN_KATALOGZAKAZY,CDN.KatalogZakazy,"Tabela ""CDN.KatalogZakazy"" w domenie Ogólne. Tabela systemowa.","Tabela ""CDN.KatalogZakazy"" w domenie Ogólne. Tabela systemowa.",7e819d90d606bf410f8a23317585f6dd34b2dc163e18984a6556f56e474dc664,62,CDN_TEST:TABLE:CDN.KatalogZakazy,,heuristic,pl,GENERAL_ERP
BD_CDN_TEST_TABLE_CDN_TYTUBEZP,CDN.TytUbezp,"Tabela ""CDN.TytUbezp"" w domenie Ogólne. Tabela systemowa.","Tabela ""CDN.TytUbezp"" w domenie Ogólne. Tabela systemowa.",5bf6380760f0160ebc4a7942ca6a92fb982b35180908fdb9d20aa0319a6f5c51,57,CDN_TEST:TABLE:CDN.TytUbezp,,heuristic,pl,GENERAL_ERP
BD_CDN_TEST_TABLE_CDN_BNKROZKWOTYMW,CDN.BnkRozKwotyMW,"Tabela ""CDN.BnkRozKwotyMW"" w domenie Ogólne. Tabela systemowa.","Tabela ""CDN.BnkRozKwotyMW"" w domenie Ogólne. Tabela systemowa.",aa16c7ae7f40e8697dfdeac614ea1ed1e9c7ced4021e3eca43d15090c82d71b7,62,CDN_TEST:TABLE:CDN.BnkRozKwotyMW,,heuristic,pl,BANK_CASH
BD_CDN_TEST_TABLE_CDN_DETALWALKURSY,CDN.DetalWalKursy,"Tabela ""CDN.DetalWalKursy"" w domenie Finanse-Księgowość. Tabela systemowa.","Tabela ""CDN.DetalWalKursy"" w domenie Finanse-Księgowość. Tabela systemowa.",c5e5950cf382d84fdd717a2ba79cc66c35cf6c80c4fb93d5f7f7e936aab78259,74,CDN_TEST:TABLE:CDN.DetalWalKursy,,heuristic,pl,GENERAL_ERP
BD_CDN_TEST_TABLE_CDN_LISTYPLAC,CDN.ListyPlac,"Tabela ""CDN.ListyPlac"" w domenie Ogólne. Tabela systemowa.","Tabela ""CDN.ListyPlac"" w domenie Ogólne. Tabela systemowa.",638c0737e04a9854e07eb69ef3252bec6857c9c39e3bcff282bcf3338fab60b1,58,CDN_TEST:TABLE:CDN.ListyPlac,,heuristic,pl,GENERAL_ERP
BD_CDN_TEST_TABLE_CDN_ZASOBYJEZYKOWE,CDN.ZasobyJezykowe,"Tabela ""CDN.ZasobyJezykowe"" w domenie Ogólne. Tabela systemowa.","Tabela ""CDN.ZasobyJezykowe"" w domenie Ogólne. Tabela systemowa.",020971a426cc4152bf273608c38a659a71e9dfe61ca3036ff3635b38d2fa45d2,63,CDN_TEST:TABLE:CDN.ZasobyJezykowe,,heuristic,pl,PRODUCTS_WAREHOUSE
BD_CDN_TEST_TABLE_CDN_OPISYDNIWOLNE,CDN.OpisyDniWolne,"Tabela ""CDN.OpisyDniWolne"" w domenie Ogólne. Tabela systemowa.","Tabela ""CDN.OpisyDniWolne"" w domenie Ogólne. Tabela systemowa.",b0d41c328fdbc6e1c720247da1bc61dbd5e9cf38517a310c73fbc7296fb047c7,62,CDN_TEST:TABLE:CDN.OpisyDniWolne,,heuristic,pl,GENERAL_ERP
BD_CDN_TEST_TABLE_CDN_SCHEMATYWINDYKACJI,CDN.SchematyWindykacji,"Tabela ""CDN.SchematyWindykacji"" w domenie Ogólne. Tabela systemowa.","Tabela ""CDN.SchematyWindykacji"" w domenie Ogólne. Tabela systemowa.",8252519d7021386e284ba0f19b059005ad88d560464f1b361847dc396048ba0e,67,CDN_TEST:TABLE:CDN.SchematyWindykacji,,heuristic,pl,GENERAL_ERP
BD_CDN_TEST_TABLE_CDN_KATEGORIE,CDN.Kategorie,"Tabela ""CDN.Kategorie"" w domenie Ogólne. Tabela systemowa.","Tabela ""CDN.Kategorie"" w domenie Ogólne. Tabela systemowa.",1cff2bfb0420bece90387d192d8c694f6c8818afc3e749ff01a5ee025c307b23,58,CDN_TEST:TABLE:CDN.Kategorie,,heuristic,pl,GENERAL_ERP
BD_CDN_TEST_TABLE_CDN_PRACZESTAWELEM,CDN.PracZestawElem,"Tabela ""CDN.PracZestawElem"" w domenie Ogólne. Tabela systemowa.","Tabela ""CDN.PracZestawElem"" w domenie Ogólne. Tabela systemowa.",474ad87ac6355801b95a211cbf40ed6d848edf456a5bf2f9fddd5a30c26722ac,63,CDN_TEST:TABLE:CDN.PracZestawElem,,heuristic,pl,HR_PAYROLL
BD_CDN_TEST_TABLE_CDN_DODATKIUMOWY,CDN.DodatkiUmowy,"Tabela ""CDN.DodatkiUmowy"" w domenie Kadry-Płace. Umowy pracownicze — typy, okresy, wymiary etatu.","Tabela ""CDN.DodatkiUmowy"" w domenie Kadry-Płace. Umowy pracownicze — typy, okresy, wymiary etatu.",2e3d123322d9ec3a320d08f3f89f92a88cf3b7644d63d7d8cbc791fc0ce0810a,97,CDN_TEST:TABLE:CDN.DodatkiUmowy,,heuristic,pl,HR_PAYROLL
BD_CDN_TEST_TABLE_CDN_OKRESYOBRACH,CDN.OkresyObrach,"Tabela ""CDN.OkresyObrach"" w domenie Ogólne. Tabela systemowa.","Tabela ""CDN.OkresyObrach"" w domenie Ogólne. Tabela systemowa.",96b35724b8fef514557e1903d8dbed6f3508f4e4a7c46926081a5051a34d0f7d,61,CDN_TEST:TABLE:CDN.OkresyObrach,,heuristic,pl,GENERAL_ERP
BD_CDN_TEST_TABLE_CDN_IDN,CDN.Idn,"Tabela ""CDN.Idn"" w domenie Ogólne. Tabela systemowa.","Tabela ""CDN.Idn"" w domenie Ogólne. Tabela systemowa.",1e11699bb7ed623d2c773ed6df70578b78cd45be471e0f1f03637d7004175589,52,CDN_TEST:TABLE:CDN.Idn,,heuristic,pl,GENERAL_ERP
BD_CDN_TEST_TABLE_CDN_TYTUMOWY,CDN.TytUmowy,"Tabela ""CDN.TytUmowy"" w domenie Kadry-Płace. Umowy pracownicze — typy, okresy, wymiary etatu.","Tabela ""CDN.TytUmowy"" w domenie Kadry-Płace. Umowy pracownicze — typy, okresy, wymiary etatu.",6813dd4af9e1f2855a9f98a0958a8a86cbe7c7fb8a27a0ca53566ef6fdfc8310,93,CDN_TEST:TABLE:CDN.TytUmowy,,heuristic,pl,HR_PAYROLL
BD_CDN_TEST_TABLE_CDN_TRWALEHISTPOWIAZANIA,CDN.TrwaleHistPowiazania,"Tabela ""CDN.TrwaleHistPowiazania"" w domenie Ogólne. Tabela systemowa.","Tabela ""CDN.TrwaleHistPowiazania"" w domenie Ogólne. Tabela systemowa.",87d8190a2ec696fc517257827e0266a854be4f5e563e2014b1e0bed7c2da8abd,69,CDN_TEST:TABLE:CDN.TrwaleHistPowiazania,,heuristic,pl,GENERAL_ERP
BD_CDN_TEST_TABLE_CDN_SPRAWOZDANIAFINANSOWEPODPISY,CDN.SprawozdaniaFinansowePodpisy,"Tabela ""CDN.SprawozdaniaFinansowePodpisy"" w domenie Administracja. Tabela systemowa.","Tabela ""CDN.SprawozdaniaFinansowePodpisy"" w domenie Administracja. Tabela systemowa.",5197ea89b074dc94df93d575840ab8948a75b15fbf1e2440bcbfefe98fcdf74f,84,CDN_TEST:TABLE:CDN.SprawozdaniaFinansowePodpisy,,heuristic,pl,GENERAL_ERP
BD_CDN_TEST_TABLE_CDN_DETALKONTRAHENCI,CDN.DetalKontrahenci,"Tabela ""CDN.DetalKontrahenci"" w domenie Kontrahenci. Główna tabela kontrahentów — dane firmowe, NIP, REGON, adresy, dane kontaktowe.","Tabela ""CDN.DetalKontrahenci"" w domenie Kontrahenci. Główna tabela kontrahentów — dane firmowe, NIP, REGON, adresy, dane kontaktowe.",a8f06410592a60c0be728f9513550e2c95e1c36da4a641e8f205dfbc869407af,132,CDN_TEST:TABLE:CDN.DetalKontrahenci,,heuristic,pl,GENERAL_ERP
BD_CDN_TEST_TABLE_CDN_PRODELEM,CDN.ProdElem,"Tabela ""CDN.ProdElem"" w domenie Ogólne. Tabela systemowa.","Tabela ""CDN.ProdElem"" w domenie Ogólne. Tabela systemowa.",235d5511964b72889845f8bf7c6ec7a5611373e78111ea245cb4d790f275ff50,57,CDN_TEST:TABLE:CDN.ProdElem,,heuristic,pl,GENERAL_ERP
BD_CDN_TEST_TABLE_CDN_FACYKLTWRKNT,CDN.FaCyklTwrKnt,"Tabela ""CDN.FaCyklTwrKnt"" w domenie Ogólne. Tabela systemowa.","Tabela ""CDN.FaCyklTwrKnt"" w domenie Ogólne. Tabela systemowa.",fb2d10bf62bcb825a5acbfeb10bf3ecda329946a483c8ae8285fc9df5a6836f2,61,CDN_TEST:TABLE:CDN.FaCyklTwrKnt,,heuristic,pl,PRODUCTS_WAREHOUSE
BD_CDN_TEST_TABLE_CDN_AKORDDEFINICJA,CDN.AkordDefinicja,"Tabela ""CDN.AkordDefinicja"" w domenie Ogólne. Tabela systemowa.","Tabela ""CDN.AkordDefinicja"" w domenie Ogólne. Tabela systemowa.",a325a77906236db9172d079088f3ab5371f468116fc2ce4988becfb6f7a6aa1d,63,CDN_TEST:TABLE:CDN.AkordDefinicja,,heuristic,pl,GENERAL_ERP
BD_CDN_TEST_TABLE_CDN_DOKATRYBUTY,CDN.DokAtrybuty,"Tabela ""CDN.DokAtrybuty"" w domenie Ogólne. Tabela systemowa.","Tabela ""CDN.DokAtrybuty"" w domenie Ogólne. Tabela systemowa.",b6e6e773bcecb0ec6e8831e7f1ca2e44828d605253dd2d84fbe59807319fe7a7,60,CDN_TEST:TABLE:CDN.DokAtrybuty,,heuristic,pl,TRADE_DOCUMENTS
BD_CDN_TEST_TABLE_CDN_TRAELEMATR,CDN.TraElemAtr,"Tabela ""CDN.TraElemAtr"" w domenie Handel. Tabela systemowa.","Tabela ""CDN.TraElemAtr"" w domenie Handel. Tabela systemowa.",5ab5b027ce69b6966c976de9c65ec7a9438da655e980fddb39ec5ac88ccde09a,59,CDN_TEST:TABLE:CDN.TraElemAtr,,heuristic,pl,TRADE_DOCUMENTS
BD_CDN_TEST_TABLE_CDN_UMOWY,CDN.Umowy,"Tabela ""CDN.Umowy"" w domenie Kadry-Płace. Umowy pracownicze — typy, okresy, wymiary etatu.","Tabela ""CDN.Umowy"" w domenie Kadry-Płace. Umowy pracownicze — typy, okresy, wymiary etatu.",1a31c5d1d85eb16087cce968c4dfcb83cdfc8f523235c391ee2ac94a7a53f410,90,CDN_TEST:TABLE:CDN.Umowy,,heuristic,pl,HR_PAYROLL
BD_CDN_TEST_TABLE_CDN_TRWALEZAPISYHIST,CDN.TrwaleZapisyHist,"Tabela ""CDN.TrwaleZapisyHist"" w domenie Ogólne. Tabela systemowa.","Tabela ""CDN.TrwaleZapisyHist"" w domenie Ogólne. Tabela systemowa.",61fc84b10c927e85b7446743563752cb41b1caa040570cde2927e1e74b7eff5a,65,CDN_TEST:TABLE:CDN.TrwaleZapisyHist,,heuristic,pl,GENERAL_ERP
BD_CDN_TEST_TABLE_CDN_DOKDEFINICJE,CDN.DokDefinicje,"Tabela ""CDN.DokDefinicje"" w domenie Ogólne. Tabela systemowa.","Tabela ""CDN.DokDefinicje"" w domenie Ogólne. Tabela systemowa.",5c963bc569786e3e15d0c60e880d159e01661587938ccf387479b6e4f74fa798,61,CDN_TEST:TABLE:CDN.DokDefinicje,,heuristic,pl,TRADE_DOCUMENTS
BD_CDN_TEST_TABLE_CDN_BNKROZRELACJE,CDN.BnkRozRelacje,"Tabela ""CDN.BnkRozRelacje"" w domenie Ogólne. Tabela systemowa.","Tabela ""CDN.BnkRozRelacje"" w domenie Ogólne. Tabela systemowa.",351ec2ffd499d6bd5ba426aba8412a43c6d07ab6b47faa49e5ddd9e6c16c9dda,62,CDN_TEST:TABLE:CDN.BnkRozRelacje,,heuristic,pl,BANK_CASH
BD_CDN_TEST_TABLE_CDN_PRODRECEPTURY,CDN.ProdReceptury,"Tabela ""CDN.ProdReceptury"" w domenie Ogólne. Tabela systemowa.","Tabela ""CDN.ProdReceptury"" w domenie Ogólne. Tabela systemowa.",4c9628ac730e5b09caaaf3071a3c184e73cf7f73ab233fe6e6c3f45082d33bc9,62,CDN_TEST:TABLE:CDN.ProdReceptury,,heuristic,pl,GENERAL_ERP
BD_CDN_TEST_TABLE_CDN_TRAELEMRELACJE,CDN.TraElemRelacje,"Tabela ""CDN.TraElemRelacje"" w domenie Handel. Tabela systemowa.","Tabela ""CDN.TraElemRelacje"" w domenie Handel. Tabela systemowa.",30a618773c4592b5f1d0acdcf80d64a0169723f5b5adbddef24aa471f3aa4d69,63,CDN_TEST:TABLE:CDN.TraElemRelacje,,heuristic,pl,TRADE_DOCUMENTS
BD_CDN_TEST_TABLE_CDN_SCHEMATWINDYKACJIETAPY,CDN.SchematWindykacjiEtapy,"Tabela ""CDN.SchematWindykacjiEtapy"" w domenie Ogólne. Tabela systemowa.","Tabela ""CDN.SchematWindykacjiEtapy"" w domenie Ogólne. Tabela systemowa.",1389f775d3664934e556859ff74b80946c0b32e6b62683a319b317bf295dab2c,71,CDN_TEST:TABLE:CDN.SchematWindykacjiEtapy,,heuristic,pl,GENERAL_ERP
BD_CDN_TEST_TABLE_CDN_BNKZAPISY,CDN.BnkZapisy,"Tabela ""CDN.BnkZapisy"" w domenie Ogólne. Tabela systemowa.","Tabela ""CDN.BnkZapisy"" w domenie Ogólne. Tabela systemowa.",1e3efe2b40a17f8267fd86f901e20621ccfe110b5b1673e747c831e5609f3787,58,CDN_TEST:TABLE:CDN.BnkZapisy,,heuristic,pl,BANK_CASH
BD_CDN_TEST_TABLE_CDN_TRWALEREKLASYFIKACJE,CDN.TrwaleReklasyfikacje,"Tabela ""CDN.TrwaleReklasyfikacje"" w domenie Ogólne. Tabela systemowa.","Tabela ""CDN.TrwaleReklasyfikacje"" w domenie Ogólne. Tabela systemowa.",2d1338022105b505c699b9f5a58677b8995c8e4f098c6871c39490c175d939c8,69,CDN_TEST:TABLE:CDN.TrwaleReklasyfikacje,,heuristic,pl,GENERAL_ERP
BD_CDN_TEST_TABLE_CDN_SPRAWOZDANIAFINANSOWEZALACZNIKI,CDN.SprawozdaniaFinansoweZalaczniki,"Tabela ""CDN.SprawozdaniaFinansoweZalaczniki"" w domenie Administracja. Tabela systemowa.","Tabela ""CDN.SprawozdaniaFinansoweZalaczniki"" w domenie Administracja. Tabela systemowa.",9600cd3c70521fbe3e65d1e48d5bb932d152b9f1803f9d7006fc0566f581308f,87,CDN_TEST:TABLE:CDN.SprawozdaniaFinansoweZalaczniki,,heuristic,pl,GENERAL_ERP
BD_CDN_TEST_TABLE_CDN_TRAELEMKSEF,CDN.TraElemKsef,"Tabela ""CDN.TraElemKsef"" w domenie Handel. Tabela systemowa.","Tabela ""CDN.TraElemKsef"" w domenie Handel. Tabela systemowa.",5cb42b42962db0e7a52c11862b562372d085ad6495c1ec8ec025a573da226df7,60,CDN_TEST:TABLE:CDN.TraElemKsef,,heuristic,pl,COMPLIANCE_ACCOUNTING
BD_CDN_TEST_TABLE_CDN_BRPAGREGATY,CDN.BRpAgregaty,"Tabela ""CDN.BRpAgregaty"" w domenie Ogólne. Tabela systemowa.","Tabela ""CDN.BRpAgregaty"" w domenie Ogólne. Tabela systemowa.",e59fbfe8e074f263f9d0a958600f675f55db32be23def5bc267be6a1c54e0393,60,CDN_TEST:TABLE:CDN.BRpAgregaty,,heuristic,pl,GENERAL_ERP
BD_CDN_TEST_TABLE_CDN_TRWALEMASKA,CDN.TrwaleMaska,"Tabela ""CDN.TrwaleMaska"" w domenie Ogólne. Tabela systemowa.","Tabela ""CDN.TrwaleMaska"" w domenie Ogólne. Tabela systemowa.",2315de36044d65f6d6c7f56515f63f69064d18bbf7acd8662d756b545cff1bf2,60,CDN_TEST:TABLE:CDN.TrwaleMaska,,heuristic,pl,GENERAL_ERP
BD_CDN_TEST_TABLE_CDN_AKORDPROGRES,CDN.AkordProgres,"Tabela ""CDN.AkordProgres"" w domenie Ogólne. Tabela systemowa.","Tabela ""CDN.AkordProgres"" w domenie Ogólne. Tabela systemowa.",92050d3de92b061027fdc44aa15bf060b09bbefc2bf4894132c0ac6f5cfd8d11,61,CDN_TEST:TABLE:CDN.AkordProgres,,heuristic,pl,GENERAL_ERP
BD_CDN_TEST_TABLE_CDN_TRAFAKZALICZKOWE,CDN.TraFakZaliczkowe,"Tabela ""CDN.TraFakZaliczkowe"" w domenie Ogólne. Tabela systemowa.","Tabela ""CDN.TraFakZaliczkowe"" w domenie Ogólne. Tabela systemowa.",2c3a3b43e75ddc1befbd1cb58db6a46d5677b6cd7230e643673ce0462e2b6b49,65,CDN_TEST:TABLE:CDN.TraFakZaliczkowe,,heuristic,pl,TRADE_DOCUMENTS
BD_CDN_TEST_TABLE_CDN_KOREKTAPODATKUDOCHODOWEGOZD,CDN.KorektaPodatkuDochodowegoZD,"Tabela ""CDN.KorektaPodatkuDochodowegoZD"" w domenie Ogólne. Tabela systemowa.","Tabela ""CDN.KorektaPodatkuDochodowegoZD"" w domenie Ogólne. Tabela systemowa.",0a691e28f29efbf022ea7d4aedc51e33a97b594c472a8186e9dbbb249eec0df2,76,CDN_TEST:TABLE:CDN.KorektaPodatkuDochodowegoZD,,heuristic,pl,GENERAL_ERP
BD_CDN_TEST_TABLE_CDN_OPISKADRY,CDN.OpisKadry,"Tabela ""CDN.OpisKadry"" w domenie Kadry-Płace. Tabela systemowa.","Tabela ""CDN.OpisKadry"" w domenie Kadry-Płace. Tabela systemowa.",4049d2d3d646f8165dad767dba3ebe1ccd2bfcb8bcaf7c195d28819a9036e10e,63,CDN_TEST:TABLE:CDN.OpisKadry,,heuristic,pl,HR_PAYROLL
BD_CDN_TEST_TABLE_CDN_KATSTAWKIVAT,CDN.KatStawkiVAT,"Tabela ""CDN.KatStawkiVAT"" w domenie Finanse-Księgowość. Tabela systemowa.","Tabela ""CDN.KatStawkiVAT"" w domenie Finanse-Księgowość. Tabela systemowa.",9df9580a8976eb53fb24fbb24f0b7c2c9deb72d39897e4bfeec499e1249d21d0,73,CDN_TEST:TABLE:CDN.KatStawkiVAT,,heuristic,pl,GENERAL_ERP
BD_CDN_TEST_TABLE_CDN_FIRMA,CDN.Firma,"Tabela ""CDN.Firma"" w domenie Ogólne. Tabela systemowa.","Tabela ""CDN.Firma"" w domenie Ogólne. Tabela systemowa.",5e443fafd297c11eeb0ec777801a7d0ea4a2b414bb13284a26f914792d0e2f7c,54,CDN_TEST:TABLE:CDN.Firma,,heuristic,pl,GENERAL_ERP
BD_CDN_TEST_TABLE_CDN_TRWALEZAWIESZENIAAMO,CDN.TrwaleZawieszeniaAmo,"Tabela ""CDN.TrwaleZawieszeniaAmo"" w domenie Ogólne. Tabela systemowa.","Tabela ""CDN.TrwaleZawieszeniaAmo"" w domenie Ogólne. Tabela systemowa.",e418d227144c0e37734e62f871075ba78579972f95f6ac1b59cded007158b016,69,CDN_TEST:TABLE:CDN.TrwaleZawieszeniaAmo,,heuristic,pl,GENERAL_ERP
BD_CDN_TEST_TABLE_CDN_AKORDY,CDN.Akordy,"Tabela ""CDN.Akordy"" w domenie Ogólne. Tabela systemowa.","Tabela ""CDN.Akordy"" w domenie Ogólne. Tabela systemowa.",8b38dbe818ac4d3bdecf61557f0bf1cb2ff26b9edc404a3ce43ec641c536181b,55,CDN_TEST:TABLE:CDN.Akordy,,heuristic,pl,GENERAL_ERP
BD_CDN_TEST_TABLE_CDN_WINDYKACJALOG,CDN.WindykacjaLog,"Tabela ""CDN.WindykacjaLog"" w domenie Ogólne. Tabela systemowa.","Tabela ""CDN.WindykacjaLog"" w domenie Ogólne. Tabela systemowa.",5e51a10758b4876b27beb580dc0a08fdb6a7a214343d91ef5d6ecd65063ecfc2,62,CDN_TEST:TABLE:CDN.WindykacjaLog,,heuristic,pl,GENERAL_ERP
BD_CDN_TEST_TABLE_CDN_PRODSKLADNIKI,CDN.ProdSkladniki,"Tabela ""CDN.ProdSkladniki"" w domenie Ogólne. Tabela systemowa.","Tabela ""CDN.ProdSkladniki"" w domenie Ogólne. Tabela systemowa.",3e97b2436c5dd331c2d7e30996ea1845c84831976859fc18d278e76f3c72926b,62,CDN_TEST:TABLE:CDN.ProdSkladniki,,heuristic,pl,GENERAL_ERP
BD_CDN_TEST_TABLE_CDN_DOKNAG,CDN.DokNag,"Tabela ""CDN.DokNag"" w domenie Ogólne. Tabela systemowa.","Tabela ""CDN.DokNag"" w domenie Ogólne. Tabela systemowa.",a5bdb9adb2060bcad0b8a21d65fc2b0657ddfcd685f2ce4cb85db8cb7fa0895f,55,CDN_TEST:TABLE:CDN.DokNag,,heuristic,pl,TRADE_DOCUMENTS
BD_CDN_TEST_TABLE_CDN_TRANAG,CDN.TraNag,"Tabela ""CDN.TraNag"" w domenie Handel. Nagłówki dokumentów handlowych — faktury sprzedaży, zakupu, korekty, zamówienia, paragony.","Tabela ""CDN.TraNag"" w domenie Handel. Nagłówki dokumentów handlowych — faktury sprzedaży, zakupu, korekty, zamówienia, paragony.",10cc4e69a57bc9f16f99c3a94f3017ec90931ec57385131af7c60c22e4ef2c91,128,CDN_TEST:TABLE:CDN.TraNag,,heuristic,pl,TRADE_DOCUMENTS
BD_CDN_TEST_TABLE_CDN_OPISPLACE,CDN.OpisPlace,"Tabela ""CDN.OpisPlace"" w domenie Kadry-Płace. Tabela systemowa.","Tabela ""CDN.OpisPlace"" w domenie Kadry-Płace. Tabela systemowa.",4d4a678dd06a3ab122ca26d747e95144ae04cf4e8792c88b06458442d60f6df3,63,CDN_TEST:TABLE:CDN.OpisPlace,,heuristic,pl,GENERAL_ERP
BD_CDN_TEST_TABLE_CDN_WYPLATYELEM,CDN.WyplatyElem,"Tabela ""CDN.WyplatyElem"" w domenie Ogólne. Tabela systemowa.","Tabela ""CDN.WyplatyElem"" w domenie Ogólne. Tabela systemowa.",851cd6ffb4378c2ae58b347cce9d6d61dc965df98afc23ee37a5dee0b9dfe142,60,CDN_TEST:TABLE:CDN.WyplatyElem,,heuristic,pl,HR_PAYROLL
BD_CDN_TEST_TABLE_CDN_KNTATRYBUTY,CDN.KntAtrybuty,"Tabela ""CDN.KntAtrybuty"" w domenie Ogólne. Tabela systemowa.","Tabela ""CDN.KntAtrybuty"" w domenie Ogólne. Tabela systemowa.",04bdb72d0efb431950ca8c2f831c8569d6a650d37e4747229e3a1b1123c509d2,60,CDN_TEST:TABLE:CDN.KntAtrybuty,,heuristic,pl,CONTRACTORS_CRM
BD_CDN_TEST_TABLE_CDN_FORMATYRCP,CDN.FormatyRcp,"Tabela ""CDN.FormatyRcp"" w domenie Ogólne. Tabela systemowa.","Tabela ""CDN.FormatyRcp"" w domenie Ogólne. Tabela systemowa.",4141ad209d7e9399b3a057bf4540568b7c8744caefb882920608059f34da17b8,59,CDN_TEST:TABLE:CDN.FormatyRcp,,heuristic,pl,HR_PAYROLL
BD_CDN_TEST_TABLE_CDN_TRWALEPOWIAZANIA,CDN.TrwalePowiazania,"Tabela ""CDN.TrwalePowiazania"" w domenie Ogólne. Tabela systemowa.","Tabela ""CDN.TrwalePowiazania"" w domenie Ogólne. Tabela systemowa.",85d342595b281a3bb36a67dda7337095c550eec2c42c36b33e9929d1e409cc5f,65,CDN_TEST:TABLE:CDN.TrwalePowiazania,,heuristic,pl,GENERAL_ERP
BD_CDN_TEST_TABLE_CDN_PROGI,CDN.Progi,"Tabela ""CDN.Progi"" w domenie Ogólne. Tabela systemowa.","Tabela ""CDN.Progi"" w domenie Ogólne. Tabela systemowa.",4ecd3ea7cc902672b4010f78aa16ef0e8b5fda048540ca21bd09a4c7d7502d73,54,CDN_TEST:TABLE:CDN.Progi,,heuristic,pl,GENERAL_ERP
BD_CDN_TEST_TABLE_CDN_AKORDYHIST,CDN.AkordyHist,"Tabela ""CDN.AkordyHist"" w domenie Ogólne. Tabela systemowa.","Tabela ""CDN.AkordyHist"" w domenie Ogólne. Tabela systemowa.",4419ef286ab3596bffdb57aa05d113b8dfe55694984453fd5ee71d77c6e4cde6,59,CDN_TEST:TABLE:CDN.AkordyHist,,heuristic,pl,GENERAL_ERP
BD_CDN_TEST_TABLE_CDN_ZAKLADY,CDN.Zaklady,"Tabela ""CDN.Zaklady"" w domenie Ogólne. Tabela systemowa.","Tabela ""CDN.Zaklady"" w domenie Ogólne. Tabela systemowa.",254b4020b08761ffa3f6d907b28d688e7d82b770a26b21f9ec94ae37c21021d1,56,CDN_TEST:TABLE:CDN.Zaklady,,heuristic,pl,HR_PAYROLL
BD_CDN_TEST_TABLE_CDN_WYPLATYNAG,CDN.WyplatyNag,"Tabela ""CDN.WyplatyNag"" w domenie Ogólne. Tabela systemowa.","Tabela ""CDN.WyplatyNag"" w domenie Ogólne. Tabela systemowa.",33d1b78c7848e2fcaf3887a0aa204016e9b922bc7bd9d4d7207a3dfccf58f82d,59,CDN_TEST:TABLE:CDN.WyplatyNag,,heuristic,pl,HR_PAYROLL
BD_CDN_TEST_TABLE_CDN_DANEBINARNE,CDN.DaneBinarne,"Tabela ""CDN.DaneBinarne"" w domenie Ogólne. Tabela systemowa.","Tabela ""CDN.DaneBinarne"" w domenie Ogólne. Tabela systemowa.",94a66699b69da5bf19a6cec7091b8b85fc3502292b01de979de4f7d0150f2073,60,CDN_TEST:TABLE:CDN.DaneBinarne,,heuristic,pl,GENERAL_ERP
BD_CDN_TEST_TABLE_CDN_KNTODBIORCY,CDN.KntOdbiorcy,"Tabela ""CDN.KntOdbiorcy"" w domenie Kontrahenci. Tabela systemowa.","Tabela ""CDN.KntOdbiorcy"" w domenie Kontrahenci. Tabela systemowa.",cfdb4ee7bc30f0ce5c1b3e180914a383f61deb1076ec17b3f345b5d566ec6a23,65,CDN_TEST:TABLE:CDN.KntOdbiorcy,,heuristic,pl,CONTRACTORS_CRM
BD_CDN_TEST_TABLE_CDN_FORMYPLATNOSCI,CDN.FormyPlatnosci,"Tabela ""CDN.FormyPlatnosci"" w domenie Finanse-Księgowość. Formy płatności i terminy.","Tabela ""CDN.FormyPlatnosci"" w domenie Finanse-Księgowość. Formy płatności i terminy.",9e2f99f4d192e226bb1147d0274d00f3eba04514ffdf633c142fac2d2d6830e5,84,CDN_TEST:TABLE:CDN.FormyPlatnosci,,heuristic,pl,GENERAL_ERP
BD_CDN_TEST_TABLE_CDN_TRWALEOSOBYODPOWIEDZIALNE,CDN.TrwaleOsobyOdpowiedzialne,"Tabela ""CDN.TrwaleOsobyOdpowiedzialne"" w domenie Ogólne. Tabela systemowa.","Tabela ""CDN.TrwaleOsobyOdpowiedzialne"" w domenie Ogólne. Tabela systemowa.",db2c1a005ffb943f548a6f065c6da81323bf120b19f84435f57cf5aa05209eac,74,CDN_TEST:TABLE:CDN.TrwaleOsobyOdpowiedzialne,,heuristic,pl,HR_PAYROLL
BD_CDN_TEST_TABLE_CDN_PRZESZACWALUTELEM,CDN.PrzeszacWalutElem,"Tabela ""CDN.PrzeszacWalutElem"" w domenie Finanse-Księgowość. Definicje walut i kursów wymiany.","Tabela ""CDN.PrzeszacWalutElem"" w domenie Finanse-Księgowość. Definicje walut i kursów wymiany.",83d3af04350f1889e5edef37ac254aa0aadb8ed4300f6ff7cb1c3e4e5609d559,94,CDN_TEST:TABLE:CDN.PrzeszacWalutElem,,heuristic,pl,GENERAL_ERP
BD_CDN_TEST_TABLE_CDN_PRACPITUDZIALY,CDN.PracPitUdzialy,"Tabela ""CDN.PracPitUdzialy"" w domenie Ogólne. Tabela systemowa.","Tabela ""CDN.PracPitUdzialy"" w domenie Ogólne. Tabela systemowa.",e166f049a2fa927afe4cf8f309f5ae13d7554f89f3079bec50ae189581a32008,63,CDN_TEST:TABLE:CDN.PracPitUdzialy,,heuristic,pl,HR_PAYROLL
BD_CDN_TEST_TABLE_CDN_SRSCZYNNOSCI,CDN.SrsCzynnosci,"Tabela ""CDN.SrsCzynnosci"" w domenie Ogólne. Tabela systemowa.","Tabela ""CDN.SrsCzynnosci"" w domenie Ogólne. Tabela systemowa.",21b43d761e00371377a9dda24f8de38fa3bec5e20eb10d23db9bbc88a5930103,61,CDN_TEST:TABLE:CDN.SrsCzynnosci,,heuristic,pl,GENERAL_ERP
BD_CDN_TEST_TABLE_CDN_KNTOSOBY,CDN.KntOsoby,"Tabela ""CDN.KntOsoby"" w domenie Ogólne. Tabela systemowa.","Tabela ""CDN.KntOsoby"" w domenie Ogólne. Tabela systemowa.",1badc00b1a7472b46fb90ac55dd6b5c66d952226581cae106ba89ef8d4e14688,57,CDN_TEST:TABLE:CDN.KntOsoby,,heuristic,pl,CONTRACTORS_CRM
BD_CDN_TEST_TABLE_CDN_TRWALEMIEJSCAUZYTKOWANIA,CDN.TrwaleMiejscaUzytkowania,"Tabela ""CDN.TrwaleMiejscaUzytkowania"" w domenie Ogólne. Tabela systemowa.","Tabela ""CDN.TrwaleMiejscaUzytkowania"" w domenie Ogólne. Tabela systemowa.",b8d59228abaeda90fcd59a549dd067792bf77c95bb455e3034addfb6fa7bc288,73,CDN_TEST:TABLE:CDN.TrwaleMiejscaUzytkowania,,heuristic,pl,GENERAL_ERP
BD_CDN_TEST_TABLE_CDN_KOREKTAPODATKUDOCHODOWEGOZDZAKAZY,CDN.KorektaPodatkuDochodowegoZDZakazy,"Tabela ""CDN.KorektaPodatkuDochodowegoZDZakazy"" w domenie Ogólne. Tabela systemowa.","Tabela ""CDN.KorektaPodatkuDochodowegoZDZakazy"" w domenie Ogólne. Tabela systemowa.",feffe6589f9744587ac4793b470994ed42ecf271200927a8de46f90057dcee32,82,CDN_TEST:TABLE:CDN.KorektaPodatkuDochodowegoZDZakazy,,heuristic,pl,GENERAL_ERP
BD_CDN_TEST_TABLE_CDN_DETALATRYBUTY,CDN.DetalAtrybuty,"Tabela ""CDN.DetalAtrybuty"" w domenie Ogólne. Tabela systemowa.","Tabela ""CDN.DetalAtrybuty"" w domenie Ogólne. Tabela systemowa.",887f67913aa0d0387ad87f4173bdeaaca1545f0d588e6fc5d7498d120346970a,62,CDN_TEST:TABLE:CDN.DetalAtrybuty,,heuristic,pl,GENERAL_ERP
BD_CDN_TEST_TABLE_CDN_PRZESZACWALUTNAG,CDN.PrzeszacWalutNag,"Tabela ""CDN.PrzeszacWalutNag"" w domenie Finanse-Księgowość. Definicje walut i kursów wymiany.","Tabela ""CDN.PrzeszacWalutNag"" w domenie Finanse-Księgowość. Definicje walut i kursów wymiany.",cd0a336d5f3b7821bdc57d61aec9321fee9e327928b3139119af181a988ab99b,93,CDN_TEST:TABLE:CDN.PrzeszacWalutNag,,heuristic,pl,GENERAL_ERP
BD_CDN_TEST_TABLE_CDN_TRWALEAINAG,CDN.TrwaleAINag,"Tabela ""CDN.TrwaleAINag"" w domenie Ogólne. Tabela systemowa.","Tabela ""CDN.TrwaleAINag"" w domenie Ogólne. Tabela systemowa.",33fd25bb84a9f0b0a9eb053281f99f8e7c1a259eb2ae8582088e9d896d5cc59d,60,CDN_TEST:TABLE:CDN.TrwaleAINag,,heuristic,pl,GENERAL_ERP
BD_CDN_TEST_TABLE_CDN_DOKNAGETAPY,CDN.DokNagEtapy,"Tabela ""CDN.DokNagEtapy"" w domenie Ogólne. Tabela systemowa.","Tabela ""CDN.DokNagEtapy"" w domenie Ogólne. Tabela systemowa.",acac161237dd77c2ceff44c49825f6c3f1421d8c6172a7aef96a2b843f1a2ba0,60,CDN_TEST:TABLE:CDN.DokNagEtapy,,heuristic,pl,TRADE_DOCUMENTS
BD_CDN_TEST_TABLE_CDN_DETALKNTOSOBY,CDN.DetalKntOsoby,"Tabela ""CDN.DetalKntOsoby"" w domenie Ogólne. Tabela systemowa.","Tabela ""CDN.DetalKntOsoby"" w domenie Ogólne. Tabela systemowa.",a4148f55e3edec47c8bca36e4e2ccfcbba13a28c0f281b3075c5727e45870280,62,CDN_TEST:TABLE:CDN.DetalKntOsoby,,heuristic,pl,GENERAL_ERP
BD_CDN_TEST_TABLE_CDN_LOKALIZACJE,CDN.Lokalizacje,"Tabela ""CDN.Lokalizacje"" w domenie Ogólne. Tabela systemowa.","Tabela ""CDN.Lokalizacje"" w domenie Ogólne. Tabela systemowa.",73e558568c0824603d3b0fffd4af526b57d31664d342da9092dc3459125d12bb,60,CDN_TEST:TABLE:CDN.Lokalizacje,,heuristic,pl,GENERAL_ERP
BD_CDN_TEST_TABLE_CDN_FORMYPLATNOSCIDF,CDN.FormyPlatnosciDF,"Tabela ""CDN.FormyPlatnosciDF"" w domenie Finanse-Księgowość. Formy płatności i terminy.","Tabela ""CDN.FormyPlatnosciDF"" w domenie Finanse-Księgowość. Formy płatności i terminy.",eff675237b5f39f7e486bffc68b2481d3afb72547c7f404e411fe5fa3236c56f,86,CDN_TEST:TABLE:CDN.FormyPlatnosciDF,,heuristic,pl,GENERAL_ERP
BD_CDN_TEST_TABLE_CDN_AKORDYHISTWARTOSCI,CDN.AkordyHistWartosci,"Tabela ""CDN.AkordyHistWartosci"" w domenie Ogólne. Tabela systemowa.","Tabela ""CDN.AkordyHistWartosci"" w domenie Ogólne. Tabela systemowa.",4f59550a5a07c6c3aa8125158595d4e22ecc862b3a16c0a4992e55a52575e4a9,67,CDN_TEST:TABLE:CDN.AkordyHistWartosci,,heuristic,pl,GENERAL_ERP
BD_CDN_TEST_TABLE_CDN_PRODUCENCI,CDN.Producenci,"Tabela ""CDN.Producenci"" w domenie Magazyn. Tabela systemowa.","Tabela ""CDN.Producenci"" w domenie Magazyn. Tabela systemowa.",c0e68dbd5ea803b151742d18d0cd94a79777b02756714f4a6ee098db650a4992,60,CDN_TEST:TABLE:CDN.Producenci,,heuristic,pl,GENERAL_ERP
BD_CDN_TEST_TABLE_CDN_HISZATRUDOKRES,CDN.HisZatrudOkres,"Tabela ""CDN.HisZatrudOkres"" w domenie Ogólne. Tabela systemowa.","Tabela ""CDN.HisZatrudOkres"" w domenie Ogólne. Tabela systemowa.",f9481022e1e9efed2a1702e33bf42d0baf541ffed1c09ed902965973041eb4e6,63,CDN_TEST:TABLE:CDN.HisZatrudOkres,,heuristic,pl,GENERAL_ERP
BD_CDN_TEST_TABLE_CDN_DOKNAGETAPYHISTORIA,CDN.DokNagEtapyHistoria,"Tabela ""CDN.DokNagEtapyHistoria"" w domenie Ogólne. Tabela systemowa.","Tabela ""CDN.DokNagEtapyHistoria"" w domenie Ogólne. Tabela systemowa.",e8e05a641686a7501484b514399bec8aabe1629e843484bb8f58aa261aa5f1f1,68,CDN_TEST:TABLE:CDN.DokNagEtapyHistoria,,heuristic,pl,TRADE_DOCUMENTS
BD_CDN_TEST_TABLE_CDN_DETALOPERATOR,CDN.DetalOperator,"Tabela ""CDN.DetalOperator"" w domenie Administracja. Operatorzy systemu — loginy, uprawnienia, profile.","Tabela ""CDN.DetalOperator"" w domenie Administracja. Operatorzy systemu — loginy, uprawnienia, profile.",e4e4931f9684611546d26c849063d8eb3cc481ac00178ba5724e89fc4ba19d24,102,CDN_TEST:TABLE:CDN.DetalOperator,,heuristic,pl,GENERAL_ERP
BD_CDN_TEST_TABLE_CDN_BNKZAPISYCDCSEPAINFO,CDN.BnkZapisyCDCSEPAInfo,"Tabela ""CDN.BnkZapisyCDCSEPAInfo"" w domenie Ogólne. Tabela systemowa.","Tabela ""CDN.BnkZapisyCDCSEPAInfo"" w domenie Ogólne. Tabela systemowa.",e5e4fb5ae0da23a39533ce05e63141825668952229c22c2c2a4cf86c099b6a87,69,CDN_TEST:TABLE:CDN.BnkZapisyCDCSEPAInfo,,heuristic,pl,BANK_CASH
BD_CDN_KONFIGURACJA_TABLE_CDN_OPEUSTAWIENIA,CDN.OpeUstawienia,"Tabela ""CDN.OpeUstawienia"" w domenie Ogólne. Tabela systemowa.","Tabela ""CDN.OpeUstawienia"" w domenie Ogólne. Tabela systemowa.",b679b3ec7e6b155e143f9c91833306606f814561a822ea918c806742c0cc914c,62,CDN_Konfiguracja:TABLE:CDN.OpeUstawienia,,heuristic,pl,CONFIGURATION_ADMIN
BD_CDN_KONFIGURACJA_TABLE_CDN_MAILPODPISY,CDN.MailPodpisy,"Tabela ""CDN.MailPodpisy"" w domenie Ogólne. Tabela systemowa.","Tabela ""CDN.MailPodpisy"" w domenie Ogólne. Tabela systemowa.",55730b4677f656cdbc8fb7fec99f80caf7ce42ff49a032fb6842b08a19d1f798,60,CDN_Konfiguracja:TABLE:CDN.MailPodpisy,,heuristic,pl,CONFIGURATION_ADMIN
BD_CDN_KONFIGURACJA_TABLE_CDN_ORGANIZACJEPP,CDN.OrganizacjePP,"Tabela ""CDN.OrganizacjePP"" w domenie Ogólne. Tabela systemowa.","Tabela ""CDN.OrganizacjePP"" w domenie Ogólne. Tabela systemowa.",bc1b5c02288e8457ba012d63862fd0e07aa25ebaeb0af4c118007245aabf2499,62,CDN_Konfiguracja:TABLE:CDN.OrganizacjePP,,heuristic,pl,GENERAL_ERP
BD_CDN_KONFIGURACJA_TABLE_CDN_MAILSZABLONY,CDN.MailSzablony,"Tabela ""CDN.MailSzablony"" w domenie Administracja. Tabela systemowa.","Tabela ""CDN.MailSzablony"" w domenie Administracja. Tabela systemowa.",d4b772724a0ed892038fe1386ee295d3448b80ab4d44d00625ce56166fb290ca,68,CDN_Konfiguracja:TABLE:CDN.MailSzablony,,heuristic,pl,CONFIGURATION_ADMIN
BD_CDN_KONFIGURACJA_TABLE_CDN_MAILUZYTKOWNICYKONT,CDN.MailUzytkownicyKont,"Tabela ""CDN.MailUzytkownicyKont"" w domenie Administracja. Tabela systemowa.","Tabela ""CDN.MailUzytkownicyKont"" w domenie Administracja. Tabela systemowa.",7ceeb60b52af64a9ad8107fee4e1193dd065fefa32c7b3d4957f6fbf703b9a47,75,CDN_Konfiguracja:TABLE:CDN.MailUzytkownicyKont,,heuristic,pl,CONFIGURATION_ADMIN
BD_CDN_KONFIGURACJA_TABLE_CDN_KRAJE,CDN.Kraje,"Tabela ""CDN.Kraje"" w domenie Ogólne. Tabela systemowa.","Tabela ""CDN.Kraje"" w domenie Ogólne. Tabela systemowa.",8a80a5e3007cd1eed261971a7b0bdae08b85bd83826628c9e221a6ffe1b88d22,54,CDN_Konfiguracja:TABLE:CDN.Kraje,,heuristic,pl,GENERAL_ERP
BD_CDN_KONFIGURACJA_TABLE_CDN_BAZY,CDN.Bazy,"Tabela ""CDN.Bazy"" w domenie Administracja. Definicje baz danych i instancji.","Tabela ""CDN.Bazy"" w domenie Administracja. Definicje baz danych i instancji.",510a5e9bdb3945a0838a87ade5bde3e316f4448268560fc3b16837a72049681e,76,CDN_Konfiguracja:TABLE:CDN.Bazy,,heuristic,pl,CONFIGURATION_ADMIN
BD_CDN_KONFIGURACJA_TABLE_CDN_MAILWATEK,CDN.MailWatek,"Tabela ""CDN.MailWatek"" w domenie Ogólne. Tabela systemowa.","Tabela ""CDN.MailWatek"" w domenie Ogólne. Tabela systemowa.",784448a5342c733955057553386d53f241c107fa2f4463491c10bef65e231392,58,CDN_Konfiguracja:TABLE:CDN.MailWatek,,heuristic,pl,CONFIGURATION_ADMIN
BD_CDN_KONFIGURACJA_TABLE_CDN_PROZAKAZY,CDN.ProZakazy,"Tabela ""CDN.ProZakazy"" w domenie Ogólne. Tabela systemowa.","Tabela ""CDN.ProZakazy"" w domenie Ogólne. Tabela systemowa.",343998e83bf3206c2cb410d29dd2877437ecb0bacd4466771fea371bf0baf20d,58,CDN_Konfiguracja:TABLE:CDN.ProZakazy,,heuristic,pl,GENERAL_ERP
BD_CDN_KONFIGURACJA_TABLE_CDN_MAILWIADOMOSCI,CDN.MailWiadomosci,"Tabela ""CDN.MailWiadomosci"" w domenie Ogólne. Tabela systemowa.","Tabela ""CDN.MailWiadomosci"" w domenie Ogólne. Tabela systemowa.",9739fbec1923eca7b1bb02be3f27ff824d53801210f9d1dad43a7fa13e603559,63,CDN_Konfiguracja:TABLE:CDN.MailWiadomosci,,heuristic,pl,CONFIGURATION_ADMIN
BD_CDN_KONFIGURACJA_TABLE_CDN_RCKATEGORIE,CDN.RCKategorie,"Tabela ""CDN.RCKategorie"" w domenie Ogólne. Tabela systemowa.","Tabela ""CDN.RCKategorie"" w domenie Ogólne. Tabela systemowa.",02242a9848be0053b1edcc0d3145c7f83ac248eb99fa33bc44e4da3a5be36c0a,60,CDN_Konfiguracja:TABLE:CDN.RCKategorie,,heuristic,pl,GENERAL_ERP
BD_CDN_KONFIGURACJA_TABLE_CDN_RCSESJE,CDN.RCSesje,"Tabela ""CDN.RCSesje"" w domenie Ogólne. Tabela systemowa.","Tabela ""CDN.RCSesje"" w domenie Ogólne. Tabela systemowa.",dceb02e6ab73aa53b9ab4acaeb5e618b9e01dbba7b0328a5f0b647c54cb3cecd,56,CDN_Konfiguracja:TABLE:CDN.RCSesje,,heuristic,pl,GENERAL_ERP
BD_CDN_KONFIGURACJA_TABLE_CDN_BAZZAKAZY,CDN.BazZakazy,"Tabela ""CDN.BazZakazy"" w domenie Ogólne. Tabela systemowa.","Tabela ""CDN.BazZakazy"" w domenie Ogólne. Tabela systemowa.",4984e190ecb02dbddd52aeed06cb46bbd7a1103598bd0cdb26e5c1bc77f76847,58,CDN_Konfiguracja:TABLE:CDN.BazZakazy,,heuristic,pl,CONFIGURATION_ADMIN
BD_CDN_KONFIGURACJA_TABLE_CDN_SEKETAPOPERATORZY,CDN.SekEtapOperatorzy,"Tabela ""CDN.SekEtapOperatorzy"" w domenie Administracja. Operatorzy systemu — loginy, uprawnienia, profile.","Tabela ""CDN.SekEtapOperatorzy"" w domenie Administracja. Operatorzy systemu — loginy, uprawnienia, profile.",d47720e8023b3e98a4fe0f0f860ddbd575a56b7323ffe1b8c3873804acbfc1da,106,CDN_Konfiguracja:TABLE:CDN.SekEtapOperatorzy,,heuristic,pl,GENERAL_ERP
BD_CDN_KONFIGURACJA_TABLE_CDN_MAILIDENTYFIKATORY,CDN.MailIdentyfikatory,"Tabela ""CDN.MailIdentyfikatory"" w domenie Ogólne. Tabela systemowa.","Tabela ""CDN.MailIdentyfikatory"" w domenie Ogólne. Tabela systemowa.",21cca66cf831910e0e03336dc552d6e04edce114ff0e516c5cdd33ae3874c62b,67,CDN_Konfiguracja:TABLE:CDN.MailIdentyfikatory,,heuristic,pl,CONFIGURATION_ADMIN
BD_CDN_KONFIGURACJA_TABLE_CDN_CFGDZIALY,CDN.CfgDzialy,"Tabela ""CDN.CfgDzialy"" w domenie Ogólne. Konfiguracja systemu — klucze i wartości konfiguracyjne.","Tabela ""CDN.CfgDzialy"" w domenie Ogólne. Konfiguracja systemu — klucze i wartości konfiguracyjne.",af5e2c47dc006354a5ac076b8beeb44e8a2f9ea61b59eabc6b96aa66055ec2b9,97,CDN_Konfiguracja:TABLE:CDN.CfgDzialy,,heuristic,pl,CONFIGURATION_ADMIN
BD_CDN_KONFIGURACJA_TABLE_CDN_SEKETAPY,CDN.SekEtapy,"Tabela ""CDN.SekEtapy"" w domenie Ogólne. Tabela systemowa.","Tabela ""CDN.SekEtapy"" w domenie Ogólne. Tabela systemowa.",7a574b300f0e905a587c649ebc83c0c6ba8146bce0aa235774a2dc5ee00c9e96,57,CDN_Konfiguracja:TABLE:CDN.SekEtapy,,heuristic,pl,GENERAL_ERP
BD_CDN_KONFIGURACJA_TABLE_CDN_MAILWIADOMOSCIHISTORIA,CDN.MailWiadomosciHistoria,"Tabela ""CDN.MailWiadomosciHistoria"" w domenie Ogólne. Tabela systemowa.","Tabela ""CDN.MailWiadomosciHistoria"" w domenie Ogólne. Tabela systemowa.",48dcbb6bfe7cda46c34d53b4f0ebca5451ded2becc6f5d433889064eef7d8afe,71,CDN_Konfiguracja:TABLE:CDN.MailWiadomosciHistoria,,heuristic,pl,CONFIGURATION_ADMIN
BD_CDN_KONFIGURACJA_TABLE_CDN_CFGKLUCZE,CDN.CfgKlucze,"Tabela ""CDN.CfgKlucze"" w domenie Ogólne. Konfiguracja systemu — klucze i wartości konfiguracyjne.","Tabela ""CDN.CfgKlucze"" w domenie Ogólne. Konfiguracja systemu — klucze i wartości konfiguracyjne.",36919762d316b031a9d7c1a9440443e3ac397837d06a683ec9a5bfb751e902ea,97,CDN_Konfiguracja:TABLE:CDN.CfgKlucze,,heuristic,pl,CONFIGURATION_ADMIN
BD_CDN_KONFIGURACJA_TABLE_CDN_MAILSZABLONYPODLACZENIA,CDN.MailSzablonyPodlaczenia,"Tabela ""CDN.MailSzablonyPodlaczenia"" w domenie Administracja. Tabela systemowa.","Tabela ""CDN.MailSzablonyPodlaczenia"" w domenie Administracja. Tabela systemowa.",abcb5c35cca0beb4edaba2f259011e9445520f77dee92ac1e6a3dc2386204a44,79,CDN_Konfiguracja:TABLE:CDN.MailSzablonyPodlaczenia,,heuristic,pl,CONFIGURATION_ADMIN
BD_CDN_KONFIGURACJA_TABLE_CDN_SEKSCHEMATY,CDN.SekSchematy,"Tabela ""CDN.SekSchematy"" w domenie Ogólne. Tabela systemowa.","Tabela ""CDN.SekSchematy"" w domenie Ogólne. Tabela systemowa.",fe0a99be28440d84245f540edaa7c910fa022abe116ad412c2c70871bc989f67,60,CDN_Konfiguracja:TABLE:CDN.SekSchematy,,heuristic,pl,GENERAL_ERP
BD_CDN_KONFIGURACJA_TABLE_CDN_MAILWIADOMOSCIPRZECZYTANE,CDN.MailWiadomosciPrzeczytane,"Tabela ""CDN.MailWiadomosciPrzeczytane"" w domenie Ogólne. Tabela systemowa.","Tabela ""CDN.MailWiadomosciPrzeczytane"" w domenie Ogólne. Tabela systemowa.",ae070b8af2aecd1e781b53410c96dae6462c696aa00be00f53cdeb8e0c0b4138,74,CDN_Konfiguracja:TABLE:CDN.MailWiadomosciPrzeczytane,,heuristic,pl,CONFIGURATION_ADMIN
BD_CDN_KONFIGURACJA_TABLE_CDN_SEKSCHEMETAPY,CDN.SekSchemEtapy,"Tabela ""CDN.SekSchemEtapy"" w domenie Ogólne. Tabela systemowa.","Tabela ""CDN.SekSchemEtapy"" w domenie Ogólne. Tabela systemowa.",f56f083e8f84c1f02a5545ecb717f6ac01bc0d812f88d33674a349f822ba8acd,62,CDN_Konfiguracja:TABLE:CDN.SekSchemEtapy,,heuristic,pl,GENERAL_ERP
BD_CDN_KONFIGURACJA_TABLE_CDN_MAILKONTACERTYFIKATY,CDN.MailKontaCertyfikaty,"Tabela ""CDN.MailKontaCertyfikaty"" w domenie Ogólne. Tabela systemowa.","Tabela ""CDN.MailKontaCertyfikaty"" w domenie Ogólne. Tabela systemowa.",7c959bb5eb74372dab5eb9a720f715ff3a1e41c6557da3bf7db2d154fc5e07af,69,CDN_Konfiguracja:TABLE:CDN.MailKontaCertyfikaty,,heuristic,pl,CONFIGURATION_ADMIN
BD_CDN_KONFIGURACJA_TABLE_CDN_MAILSZABLONYDOMYSLNE,CDN.MailSzablonyDomyslne,"Tabela ""CDN.MailSzablonyDomyslne"" w domenie Administracja. Tabela systemowa.","Tabela ""CDN.MailSzablonyDomyslne"" w domenie Administracja. Tabela systemowa.",03028b50e1ede6991abfbe88a8d1f5303f7f2c36dd3f28adfbfe41674e9ff682,76,CDN_Konfiguracja:TABLE:CDN.MailSzablonyDomyslne,,heuristic,pl,CONFIGURATION_ADMIN
BD_CDN_KONFIGURACJA_TABLE_CDN_SEKSCHEMETAPYKOLEJNE,CDN.SekSchemEtapyKolejne,"Tabela ""CDN.SekSchemEtapyKolejne"" w domenie Ogólne. Tabela systemowa.","Tabela ""CDN.SekSchemEtapyKolejne"" w domenie Ogólne. Tabela systemowa.",5184f49aca7a674466e1f8b9aad31ff1acb58f4732b4bf1867559a369cd96dc5,69,CDN_Konfiguracja:TABLE:CDN.SekSchemEtapyKolejne,,heuristic,pl,GENERAL_ERP
BD_CDN_KONFIGURACJA_TABLE_CDN_OFERTYFRAG,CDN.OfertyFrag,"Tabela ""CDN.OfertyFrag"" w domenie CRM. Tabela systemowa.","Tabela ""CDN.OfertyFrag"" w domenie CRM. Tabela systemowa.",5cce83f102830bd7bccd8e545c5cac82f971f445a2a7e8450bd6deecb3d35666,56,CDN_Konfiguracja:TABLE:CDN.OfertyFrag,,heuristic,pl,GENERAL_ERP
BD_CDN_KONFIGURACJA_TABLE_CDN_CFGWARTOSCI,CDN.CfgWartosci,"Tabela ""CDN.CfgWartosci"" w domenie Ogólne. Konfiguracja systemu — klucze i wartości konfiguracyjne.","Tabela ""CDN.CfgWartosci"" w domenie Ogólne. Konfiguracja systemu — klucze i wartości konfiguracyjne.",a1c67cdfd9c794c773b0577aaf6274c5dbd8be8671906b5fc30cb63511b93117,99,CDN_Konfiguracja:TABLE:CDN.CfgWartosci,,heuristic,pl,CONFIGURATION_ADMIN
BD_CDN_KONFIGURACJA_TABLE_CDN_STANOWISKAKOMP,CDN.StanowiskaKomp,"Tabela ""CDN.StanowiskaKomp"" w domenie Magazyn. Tabela systemowa.","Tabela ""CDN.StanowiskaKomp"" w domenie Magazyn. Tabela systemowa.",73022ea87525632e6f12930fcb5036a2ef759a865a554e3f05e76502ac5c6b98,64,CDN_Konfiguracja:TABLE:CDN.StanowiskaKomp,,heuristic,pl,GENERAL_ERP
BD_CDN_KONFIGURACJA_TABLE_CDN_OFERTYSZABLONY,CDN.OfertySzablony,"Tabela ""CDN.OfertySzablony"" w domenie Administracja. Tabela systemowa.","Tabela ""CDN.OfertySzablony"" w domenie Administracja. Tabela systemowa.",baf4b7728d7b7a61ec626fa47dc19b74721d22dfa50f738128375c89dd93a882,70,CDN_Konfiguracja:TABLE:CDN.OfertySzablony,,heuristic,pl,GENERAL_ERP
BD_CDN_KONFIGURACJA_TABLE_CDN_DIETYRYCZALTY,CDN.DietyRyczalty,"Tabela ""CDN.DietyRyczalty"" w domenie Ogólne. Tabela systemowa.","Tabela ""CDN.DietyRyczalty"" w domenie Ogólne. Tabela systemowa.",d073a1fd58963e66ae2ecfeb45297ad5383decb4016e5a22e909b1eebef9f9da,62,CDN_Konfiguracja:TABLE:CDN.DietyRyczalty,,heuristic,pl,GENERAL_ERP
BD_CDN_KONFIGURACJA_TABLE_CDN_STATYSTYKI,CDN.Statystyki,"Tabela ""CDN.Statystyki"" w domenie Ogólne. Tabela systemowa.","Tabela ""CDN.Statystyki"" w domenie Ogólne. Tabela systemowa.",9e1fb53f30f710888185d50cef9cf2df3ff10eb7154a7643d8cf2c3b57cdedb1,59,CDN_Konfiguracja:TABLE:CDN.Statystyki,,heuristic,pl,GENERAL_ERP
BD_CDN_KONFIGURACJA_TABLE_CDN_SYNC,CDN.Sync,"Tabela ""CDN.Sync"" w domenie Ogólne. Tabela systemowa.","Tabela ""CDN.Sync"" w domenie Ogólne. Tabela systemowa.",5b7d5b248eaef735dc88fd26ea96bc22083503e8e3a17c5f593c4de696d0fa26,53,CDN_Konfiguracja:TABLE:CDN.Sync,,heuristic,pl,GENERAL_ERP
BD_CDN_KONFIGURACJA_TABLE_CDN_OFERTYSZABLONYDOMYSLNE,CDN.OfertySzablonyDomyslne,"Tabela ""CDN.OfertySzablonyDomyslne"" w domenie Administracja. Tabela systemowa.","Tabela ""CDN.OfertySzablonyDomyslne"" w domenie Administracja. Tabela systemowa.",6200ec95973b0230c4ae1d8468aff825e1b0449d94961e18714324802369f1e6,78,CDN_Konfiguracja:TABLE:CDN.OfertySzablonyDomyslne,,heuristic,pl,GENERAL_ERP
BD_CDN_KONFIGURACJA_TABLE_CDN_DANEBINARNE,CDN.DaneBinarne,"Tabela ""CDN.DaneBinarne"" w domenie Ogólne. Tabela systemowa.","Tabela ""CDN.DaneBinarne"" w domenie Ogólne. Tabela systemowa.",94a66699b69da5bf19a6cec7091b8b85fc3502292b01de979de4f7d0150f2073,60,CDN_Konfiguracja:TABLE:CDN.DaneBinarne,,heuristic,pl,GENERAL_ERP
BD_CDN_KONFIGURACJA_TABLE_CDN_OPEINFOBAZA,CDN.OpeInfoBaza,"Tabela ""CDN.OpeInfoBaza"" w domenie Administracja. Definicje baz danych i instancji.","Tabela ""CDN.OpeInfoBaza"" w domenie Administracja. Definicje baz danych i instancji.",3c16a7dd03c0ac01d8a178a87429198c16d99db681e8604b03c4ec2b5fced978,83,CDN_Konfiguracja:TABLE:CDN.OpeInfoBaza,,heuristic,pl,CONFIGURATION_ADMIN
BD_CDN_KONFIGURACJA_TABLE_CDN_OPEINFORMACJE,CDN.OpeInformacje,"Tabela ""CDN.OpeInformacje"" w domenie Ogólne. Tabela systemowa.","Tabela ""CDN.OpeInformacje"" w domenie Ogólne. Tabela systemowa.",557bf8080426b5101a216704f54c7581c7a2083ba009f2030e08af0a423e41b8,62,CDN_Konfiguracja:TABLE:CDN.OpeInformacje,,heuristic,pl,CONFIGURATION_ADMIN
BD_CDN_KONFIGURACJA_TABLE_CDN_OPERATORZY,CDN.Operatorzy,"Tabela ""CDN.Operatorzy"" w domenie Administracja. Operatorzy systemu — loginy, uprawnienia, profile.","Tabela ""CDN.Operatorzy"" w domenie Administracja. Operatorzy systemu — loginy, uprawnienia, profile.",4a73072a4cc62ecd12a48573e7496e44685e71f645ffcd9e2c5e707254b4c000,99,CDN_Konfiguracja:TABLE:CDN.Operatorzy,,heuristic,pl,CONFIGURATION_ADMIN
BD_CDN_KONFIGURACJA_TABLE_CDN_SMS,CDN.Sms,"Tabela ""CDN.Sms"" w domenie Ogólne. Tabela systemowa.","Tabela ""CDN.Sms"" w domenie Ogólne. Tabela systemowa.",c2fefbf3b15e8f2025e8c1054caa13cba1675d46cea0309910e518f0aecc5706,52,CDN_Konfiguracja:TABLE:CDN.Sms,,heuristic,pl,GENERAL_ERP
BD_CDN_KONFIGURACJA_TABLE_CDN_DETALFUNKCJEPRAC,CDN.DetalFunkcjePrac,"Tabela ""CDN.DetalFunkcjePrac"" w domenie Ogólne. Tabela systemowa.","Tabela ""CDN.DetalFunkcjePrac"" w domenie Ogólne. Tabela systemowa.",3f720d7036dbedfac63ec7a037ef438c45335d8e0dc9513bde891247cb335ead,65,CDN_Konfiguracja:TABLE:CDN.DetalFunkcjePrac,,heuristic,pl,HR_PAYROLL
BD_CDN_KONFIGURACJA_TABLE_CDN_DOKDEFINICJE,CDN.DokDefinicje,"Tabela ""CDN.DokDefinicje"" w domenie Ogólne. Tabela systemowa.","Tabela ""CDN.DokDefinicje"" w domenie Ogólne. Tabela systemowa.",5c963bc569786e3e15d0c60e880d159e01661587938ccf387479b6e4f74fa798,61,CDN_Konfiguracja:TABLE:CDN.DokDefinicje,,heuristic,pl,TRADE_DOCUMENTS
BD_CDN_KONFIGURACJA_TABLE_CDN_SOALOGS,CDN.SoaLogs,"Tabela ""CDN.SoaLogs"" w domenie Ogólne. Tabela systemowa.","Tabela ""CDN.SoaLogs"" w domenie Ogólne. Tabela systemowa.",eb2cd2332af1b65f6047374304bd6dad910eeb0359aae6a7aa9cb282ceb69892,56,CDN_Konfiguracja:TABLE:CDN.SoaLogs,,heuristic,pl,GENERAL_ERP
BD_CDN_KONFIGURACJA_TABLE_CDN_CRMAUTOMATYWIND,CDN.CrmAutomatyWind,"Tabela ""CDN.CrmAutomatyWind"" w domenie CRM. Tabela systemowa.","Tabela ""CDN.CrmAutomatyWind"" w domenie CRM. Tabela systemowa.",4c39038e5022815ff03f9fe762ce00bdb59a58ab8dc44fae51c0ea977f7532b0,61,CDN_Konfiguracja:TABLE:CDN.CrmAutomatyWind,,heuristic,pl,GENERAL_ERP
BD_CDN_KONFIGURACJA_TABLE_CDN_AKTUALIZACJEBAZA,CDN.AktualizacjeBaza,"Tabela ""CDN.AktualizacjeBaza"" w domenie Administracja. Definicje baz danych i instancji.","Tabela ""CDN.AktualizacjeBaza"" w domenie Administracja. Definicje baz danych i instancji.",b8968467e2a4486735b00ed80252c0b90c9be4175d65faf322d11893a1318e10,88,CDN_Konfiguracja:TABLE:CDN.AktualizacjeBaza,,heuristic,pl,GENERAL_ERP
BD_CDN_KONFIGURACJA_TABLE_CDN_DOKNAG,CDN.DokNag,"Tabela ""CDN.DokNag"" w domenie Ogólne. Tabela systemowa.","Tabela ""CDN.DokNag"" w domenie Ogólne. Tabela systemowa.",a5bdb9adb2060bcad0b8a21d65fc2b0657ddfcd685f2ce4cb85db8cb7fa0895f,55,CDN_Konfiguracja:TABLE:CDN.DokNag,,heuristic,pl,TRADE_DOCUMENTS
BD_CDN_KONFIGURACJA_TABLE_CDN_AKTUALIZACJEPROGRAM,CDN.AktualizacjeProgram,"Tabela ""CDN.AktualizacjeProgram"" w domenie Ogólne. Tabela systemowa.","Tabela ""CDN.AktualizacjeProgram"" w domenie Ogólne. Tabela systemowa.",cfc2c12433b10efd6c212f210f071704b6142301ec53fdf02b504f12bd863b8a,68,CDN_Konfiguracja:TABLE:CDN.AktualizacjeProgram,,heuristic,pl,GENERAL_ERP
BD_CDN_KONFIGURACJA_TABLE_CDN_AKTUALIZACJELOG,CDN.AktualizacjeLog,"Tabela ""CDN.AktualizacjeLog"" w domenie Ogólne. Tabela systemowa.","Tabela ""CDN.AktualizacjeLog"" w domenie Ogólne. Tabela systemowa.",cac62c9df557cc0ebad9c80245ec3db2fc753b1afb0d81143a44b49e34c614ab,64,CDN_Konfiguracja:TABLE:CDN.AktualizacjeLog,,heuristic,pl,GENERAL_ERP
BD_CDN_KONFIGURACJA_TABLE_CDN_AKTUALIZACJESTANOWISKA,CDN.AktualizacjeStanowiska,"Tabela ""CDN.AktualizacjeStanowiska"" w domenie Magazyn. Tabela systemowa.","Tabela ""CDN.AktualizacjeStanowiska"" w domenie Magazyn. Tabela systemowa.",a366a309391b410fd9e240c1bf7808a4d5607bc0810c4080c901204a6b87f7f9,72,CDN_Konfiguracja:TABLE:CDN.AktualizacjeStanowiska,,heuristic,pl,GENERAL_ERP
BD_CDN_KONFIGURACJA_TABLE_CDN_DOKNAGETAPY,CDN.DokNagEtapy,"Tabela ""CDN.DokNagEtapy"" w domenie Ogólne. Tabela systemowa.","Tabela ""CDN.DokNagEtapy"" w domenie Ogólne. Tabela systemowa.",acac161237dd77c2ceff44c49825f6c3f1421d8c6172a7aef96a2b843f1a2ba0,60,CDN_Konfiguracja:TABLE:CDN.DokNagEtapy,,heuristic,pl,TRADE_DOCUMENTS
BD_CDN_KONFIGURACJA_TABLE_CDN_REJESTROPERACJI,CDN.RejestrOperacji,"Tabela ""CDN.RejestrOperacji"" w domenie Finanse-Księgowość. Tabela systemowa.","Tabela ""CDN.RejestrOperacji"" w domenie Finanse-Księgowość. Tabela systemowa.",b4603a75b64f16764b8d9eb5116fa9213bf683b94d2a95f0fde33197d8fd5cb0,76,CDN_Konfiguracja:TABLE:CDN.RejestrOperacji,,heuristic,pl,GENERAL_ERP
BD_CDN_KONFIGURACJA_TABLE_CDN_DOKNAGETAPYHISTORIA,CDN.DokNagEtapyHistoria,"Tabela ""CDN.DokNagEtapyHistoria"" w domenie Ogólne. Tabela systemowa.","Tabela ""CDN.DokNagEtapyHistoria"" w domenie Ogólne. Tabela systemowa.",e8e05a641686a7501484b514399bec8aabe1629e843484bb8f58aa261aa5f1f1,68,CDN_Konfiguracja:TABLE:CDN.DokNagEtapyHistoria,,heuristic,pl,TRADE_DOCUMENTS
BD_CDN_KONFIGURACJA_TABLE_CDN_REJESTROPERACJITYPYOPERACJI,CDN.RejestrOperacjiTypyOperacji,"Tabela ""CDN.RejestrOperacjiTypyOperacji"" w domenie Finanse-Księgowość. Tabela systemowa.","Tabela ""CDN.RejestrOperacjiTypyOperacji"" w domenie Finanse-Księgowość. Tabela systemowa.",2e7cd9af248838062c8dc1f8e39d3e876cd050658d918c1c9344915f5ea2290f,88,CDN_Konfiguracja:TABLE:CDN.RejestrOperacjiTypyOperacji,,heuristic,pl,GENERAL_ERP
BD_CDN_KONFIGURACJA_TABLE_CDN_DOKNAGETAPYKOLEJNE,CDN.DokNagEtapyKolejne,"Tabela ""CDN.DokNagEtapyKolejne"" w domenie Ogólne. Tabela systemowa.","Tabela ""CDN.DokNagEtapyKolejne"" w domenie Ogólne. Tabela systemowa.",c4e3d8d07cc033c77693eeabf1d1c7623a3cc5e62c28aecf748374a8838b3ded,67,CDN_Konfiguracja:TABLE:CDN.DokNagEtapyKolejne,,heuristic,pl,TRADE_DOCUMENTS
BD_CDN_KONFIGURACJA_TABLE_CDN_TERMINY,CDN.Terminy,"Tabela ""CDN.Terminy"" w domenie Administracja. Tabela systemowa.","Tabela ""CDN.Terminy"" w domenie Administracja. Tabela systemowa.",a2d02e2ad6aa48669439a4a9e787cd2da891fa21bac1466f0b1ecfc6904f6942,63,CDN_Konfiguracja:TABLE:CDN.Terminy,,heuristic,pl,GENERAL_ERP
BD_CDN_KONFIGURACJA_TABLE_CDN_REJESTROPERACJITYPYOBIEKTOW,CDN.RejestrOperacjiTypyObiektow,"Tabela ""CDN.RejestrOperacjiTypyObiektow"" w domenie Finanse-Księgowość. Tabela systemowa.","Tabela ""CDN.RejestrOperacjiTypyObiektow"" w domenie Finanse-Księgowość. Tabela systemowa.",62efe3d0ad48dd8b0778201912f36df251de9891c00261a7b590baf8c193ce70,88,CDN_Konfiguracja:TABLE:CDN.RejestrOperacjiTypyObiektow,,heuristic,pl,PRODUCTS_WAREHOUSE
BD_CDN_KONFIGURACJA_TABLE_CDN_DOKNAGPLIKI,CDN.DokNagPliki,"Tabela ""CDN.DokNagPliki"" w domenie Ogólne. Tabela systemowa.","Tabela ""CDN.DokNagPliki"" w domenie Ogólne. Tabela systemowa.",ade3dac0abfafa38626b0e9afa2d64c6344f91ec436494b62a896cf558d07c90,60,CDN_Konfiguracja:TABLE:CDN.DokNagPliki,,heuristic,pl,TRADE_DOCUMENTS
BD_CDN_KONFIGURACJA_TABLE_CDN_ETECZKI,CDN.ETeczki,"Tabela ""CDN.ETeczki"" w domenie Ogólne. Tabela systemowa.","Tabela ""CDN.ETeczki"" w domenie Ogólne. Tabela systemowa.",5d875277b684f0ab3e1b70a5fb87dfd0b3f546ad018f3f4b2c025e52033706f1,56,CDN_Konfiguracja:TABLE:CDN.ETeczki,,heuristic,pl,GENERAL_ERP
BD_CDN_KONFIGURACJA_TABLE_CDN_ETECZKICERTYFIKATY,CDN.ETeczkiCertyfikaty,"Tabela ""CDN.ETeczkiCertyfikaty"" w domenie Ogólne. Tabela systemowa.","Tabela ""CDN.ETeczkiCertyfikaty"" w domenie Ogólne. Tabela systemowa.",60d93856fa6fb03be2a9fbb2f43949c80ed46b205e1b7ec12381c5763346a20d,67,CDN_Konfiguracja:TABLE:CDN.ETeczkiCertyfikaty,,heuristic,pl,GENERAL_ERP
BD_CDN_KONFIGURACJA_TABLE_CDN_SERWERBACKUP,CDN.SerwerBackup,"Tabela ""CDN.SerwerBackup"" w domenie Ogólne. Tabela systemowa.","Tabela ""CDN.SerwerBackup"" w domenie Ogólne. Tabela systemowa.",5a9227e347ad320a8a0f89f18559512edf50172d62dc498c7a43af1b484b6c4e,61,CDN_Konfiguracja:TABLE:CDN.SerwerBackup,,heuristic,pl,GENERAL_ERP
BD_CDN_KONFIGURACJA_TABLE_CDN_DOKNAGPROCESETAPY,CDN.DokNagProcesEtapy,"Tabela ""CDN.DokNagProcesEtapy"" w domenie Ogólne. Tabela systemowa.","Tabela ""CDN.DokNagProcesEtapy"" w domenie Ogólne. Tabela systemowa.",f7d9a6d71ccf2aea3a1b02105b9c77f6a8f89f2671c77e474ce75f6b4eb89622,66,CDN_Konfiguracja:TABLE:CDN.DokNagProcesEtapy,,heuristic,pl,TRADE_DOCUMENTS
BD_CDN_KONFIGURACJA_TABLE_CDN_USTAWIENIACUSTOMIZACJI,CDN.UstawieniaCustomizacji,"Tabela ""CDN.UstawieniaCustomizacji"" w domenie Ogólne. Tabela systemowa.","Tabela ""CDN.UstawieniaCustomizacji"" w domenie Ogólne. Tabela systemowa.",d2e35e5e4756ca846478cf8efb682923ed9ecc447cddfd67e2884eaa4d13a1cb,71,CDN_Konfiguracja:TABLE:CDN.UstawieniaCustomizacji,,heuristic,pl,GENERAL_ERP
BD_CDN_KONFIGURACJA_TABLE_CDN_OPELISTAZADAN,CDN.OpeListaZadan,"Tabela ""CDN.OpeListaZadan"" w domenie Administracja. Tabela systemowa.","Tabela ""CDN.OpeListaZadan"" w domenie Administracja. Tabela systemowa.",a19d02fea2ad215720a2c896bdd6a8199e90e9abb1d8141a605ad94e284eb02f,69,CDN_Konfiguracja:TABLE:CDN.OpeListaZadan,,heuristic,pl,CONFIGURATION_ADMIN
BD_CDN_KONFIGURACJA_TABLE_CDN_DOKPODMIOTY,CDN.DokPodmioty,"Tabela ""CDN.DokPodmioty"" w domenie Ogólne. Tabela systemowa.","Tabela ""CDN.DokPodmioty"" w domenie Ogólne. Tabela systemowa.",065b0640bab6cfafae0635a7cc7743efa2fe30905c12cd116bb1dd0d2bc1709e,60,CDN_Konfiguracja:TABLE:CDN.DokPodmioty,,heuristic,pl,TRADE_DOCUMENTS
BD_CDN_KONFIGURACJA_TABLE_CDN_USTAWIENIAGLOBALNE,CDN.UstawieniaGlobalne,"Tabela ""CDN.UstawieniaGlobalne"" w domenie Ogólne. Tabela systemowa.","Tabela ""CDN.UstawieniaGlobalne"" w domenie Ogólne. Tabela systemowa.",565d25dff0b52e9a47fbb5232ad609bb52c379d05e143106acb53aea0b4da2c5,67,CDN_Konfiguracja:TABLE:CDN.UstawieniaGlobalne,,heuristic,pl,GENERAL_ERP
BD_CDN_KONFIGURACJA_TABLE_CDN_OPELISTAZADANSZABLONY,CDN.OpeListaZadanSzablony,"Tabela ""CDN.OpeListaZadanSzablony"" w domenie Administracja. Tabela systemowa.","Tabela ""CDN.OpeListaZadanSzablony"" w domenie Administracja. Tabela systemowa.",298a3e9dbd2266b51440ff125b40b5eaa2ba910efdf65268c156a175ffae416f,77,CDN_Konfiguracja:TABLE:CDN.OpeListaZadanSzablony,,heuristic,pl,CONFIGURATION_ADMIN
BD_CDN_KONFIGURACJA_TABLE_CDN_DOKRELACJE,CDN.DokRelacje,"Tabela ""CDN.DokRelacje"" w domenie Ogólne. Tabela systemowa.","Tabela ""CDN.DokRelacje"" w domenie Ogólne. Tabela systemowa.",2cb86d34894b13213fb14a2f7261a0e403fd2165a71f147fe4d65874ee729a27,59,CDN_Konfiguracja:TABLE:CDN.DokRelacje,,heuristic,pl,TRADE_DOCUMENTS
BD_CDN_KONFIGURACJA_TABLE_CDN_USTAWIENIAWIDOKU,CDN.UstawieniaWidoku,"Tabela ""CDN.UstawieniaWidoku"" w domenie Ogólne. Tabela systemowa.","Tabela ""CDN.UstawieniaWidoku"" w domenie Ogólne. Tabela systemowa.",526fea4d1f47de2eb8023bab57f2efdc8f8e3918da3cf11a2eb1156b6c5e6f72,65,CDN_Konfiguracja:TABLE:CDN.UstawieniaWidoku,,heuristic,pl,GENERAL_ERP
BD_CDN_KONFIGURACJA_TABLE_CDN_OPELISTAZADANSZABLONYELEM,CDN.OpeListaZadanSzablonyElem,"Tabela ""CDN.OpeListaZadanSzablonyElem"" w domenie Administracja. Tabela systemowa.","Tabela ""CDN.OpeListaZadanSzablonyElem"" w domenie Administracja. Tabela systemowa.",8f99f4248d31513a098d1a9f05910c7e6035e6ce4eb3352c707a0cbeb652cf6e,81,CDN_Konfiguracja:TABLE:CDN.OpeListaZadanSzablonyElem,,heuristic,pl,CONFIGURATION_ADMIN
BD_CDN_KONFIGURACJA_TABLE_CDN_HISTORIAPOBIERANIAWSKAZNIKOW,CDN.HistoriaPobieraniaWskaznikow,"Tabela ""CDN.HistoriaPobieraniaWskaznikow"" w domenie Ogólne. Tabela systemowa.","Tabela ""CDN.HistoriaPobieraniaWskaznikow"" w domenie Ogólne. Tabela systemowa.",886e639b1492bcba2a5620efc2cac6075e61f89c8a15650b88f846cd6eece760,77,CDN_Konfiguracja:TABLE:CDN.HistoriaPobieraniaWskaznikow,,heuristic,pl,GENERAL_ERP
BD_CDN_KONFIGURACJA_TABLE_CDN_USTAWIENIAWIDOKUSZCZEGOLY,CDN.UstawieniaWidokuSzczegoly,"Tabela ""CDN.UstawieniaWidokuSzczegoly"" w domenie Ogólne. Tabela systemowa.","Tabela ""CDN.UstawieniaWidokuSzczegoly"" w domenie Ogólne. Tabela systemowa.",799d01307fa5c43d41cd59302ded3a1f16c2a5b09715692db806d29fdf62b0aa,74,CDN_Konfiguracja:TABLE:CDN.UstawieniaWidokuSzczegoly,,heuristic,pl,GENERAL_ERP
BD_CDN_KONFIGURACJA_TABLE_CDN_OPELISTAZADANSZABLONYBAZY,CDN.OpeListaZadanSzablonyBazy,"Tabela ""CDN.OpeListaZadanSzablonyBazy"" w domenie Administracja. Definicje baz danych i instancji.","Tabela ""CDN.OpeListaZadanSzablonyBazy"" w domenie Administracja. Definicje baz danych i instancji.",8e5d4e48316158f62782638ed114ad7ec1a37c60ce1a4d16eb03b6f85d090fac,97,CDN_Konfiguracja:TABLE:CDN.OpeListaZadanSzablonyBazy,,heuristic,pl,CONFIGURATION_ADMIN
BD_CDN_KONFIGURACJA_TABLE_CDN_FILTRY,CDN.Filtry,"Tabela ""CDN.Filtry"" w domenie Ogólne. Tabela systemowa.","Tabela ""CDN.Filtry"" w domenie Ogólne. Tabela systemowa.",ea8836b3e2177321b1b9cb2d28d02f335f2016b2ddc1d4f2be7671ceb0c08654,55,CDN_Konfiguracja:TABLE:CDN.Filtry,,heuristic,pl,GENERAL_ERP
BD_CDN_KONFIGURACJA_TABLE_CDN_UWDKONFIG,CDN.UWDKonfig,"Tabela ""CDN.UWDKonfig"" w domenie Ogólne. Tabela systemowa.","Tabela ""CDN.UWDKonfig"" w domenie Ogólne. Tabela systemowa.",630ec0c3c77fae338dfe803c6c0e8706ccd9634e7b41efc17856fa69cf0c12a8,58,CDN_Konfiguracja:TABLE:CDN.UWDKonfig,,heuristic,pl,GENERAL_ERP
BD_CDN_KONFIGURACJA_TABLE_CDN_OPELISTAZADANGENERATOR,CDN.OpeListaZadanGenerator,"Tabela ""CDN.OpeListaZadanGenerator"" w domenie Administracja. Tabela systemowa.","Tabela ""CDN.OpeListaZadanGenerator"" w domenie Administracja. Tabela systemowa.",905b91eb005277356617178b40460e8d00bfc673a607ad0579804ee19d1667fe,78,CDN_Konfiguracja:TABLE:CDN.OpeListaZadanGenerator,,heuristic,pl,CONFIGURATION_ADMIN
BD_CDN_KONFIGURACJA_TABLE_CDN_GRUPY,CDN.Grupy,"Tabela ""CDN.Grupy"" w domenie Ogólne. Tabela systemowa.","Tabela ""CDN.Grupy"" w domenie Ogólne. Tabela systemowa.",a4397b05abd7dee703388310590f194cc0d55de028a2c9f628d8449ebe1e887c,54,CDN_Konfiguracja:TABLE:CDN.Grupy,,heuristic,pl,GENERAL_ERP
BD_CDN_KONFIGURACJA_TABLE_CDN_KZIS,CDN.KZIS,"Tabela ""CDN.KZIS"" w domenie Ogólne. Tabela systemowa.","Tabela ""CDN.KZIS"" w domenie Ogólne. Tabela systemowa.",115dabf8e923bb2962472ef415a2ac32350928b8cb7e35cafbaf418140170ff5,53,CDN_Konfiguracja:TABLE:CDN.KZIS,,heuristic,pl,GENERAL_ERP
BD_CDN_KONFIGURACJA_TABLE_CDN_WALKURSY,CDN.WalKursy,"Tabela ""CDN.WalKursy"" w domenie Finanse-Księgowość. Tabela systemowa.","Tabela ""CDN.WalKursy"" w domenie Finanse-Księgowość. Tabela systemowa.",4fc38541e5c209dc09d463ec4af3327c8f3f675035173ace324d57539e38b9ca,69,CDN_Konfiguracja:TABLE:CDN.WalKursy,,heuristic,pl,GENERAL_ERP
BD_CDN_KONFIGURACJA_TABLE_CDN_DEKLARACJEDEFINICJE,CDN.DeklaracjeDefinicje,"Tabela ""CDN.DeklaracjeDefinicje"" w domenie Ogólne. Tabela systemowa.","Tabela ""CDN.DeklaracjeDefinicje"" w domenie Ogólne. Tabela systemowa.",a39a8e86ad247031ee463a02e799a475ae15a1e83264c4292b9f813b92101588,68,CDN_Konfiguracja:TABLE:CDN.DeklaracjeDefinicje,,heuristic,pl,COMPLIANCE_ACCOUNTING
BD_CDN_KONFIGURACJA_TABLE_CDN_MIASTA,CDN.Miasta,"Tabela ""CDN.Miasta"" w domenie Ogólne. Tabela systemowa.","Tabela ""CDN.Miasta"" w domenie Ogólne. Tabela systemowa.",452372b261c696a78ecf1317fa2c8f84eb85cffe175cef89e2de57108525eb3c,55,CDN_Konfiguracja:TABLE:CDN.Miasta,,heuristic,pl,GENERAL_ERP
BD_CDN_KONFIGURACJA_TABLE_CDN_INFORMACJE,CDN.Informacje,"Tabela ""CDN.Informacje"" w domenie Ogólne. Tabela systemowa.","Tabela ""CDN.Informacje"" w domenie Ogólne. Tabela systemowa.",ec6a6c4a69fb699d73311b4be144bf4dca291c6de18d0fe20bfc13ca8a68918e,59,CDN_Konfiguracja:TABLE:CDN.Informacje,,heuristic,pl,GENERAL_ERP
BD_CDN_KONFIGURACJA_TABLE_CDN_TERYT,CDN.Teryt,"Tabela ""CDN.Teryt"" w domenie Ogólne. Tabela systemowa.","Tabela ""CDN.Teryt"" w domenie Ogólne. Tabela systemowa.",1adc384a877c1aff0fb0b05d5b85fe78565037cee1fefa9656e5169675bdf961,54,CDN_Konfiguracja:TABLE:CDN.Teryt,,heuristic,pl,GENERAL_ERP
BD_CDN_KONFIGURACJA_TABLE_CDN_WALNAZWY,CDN.WalNazwy,"Tabela ""CDN.WalNazwy"" w domenie Ogólne. Tabela systemowa.","Tabela ""CDN.WalNazwy"" w domenie Ogólne. Tabela systemowa.",39af8a950d6c0acc93776d015723d465e2da8be306679ca363f6b006d99ecdc5,57,CDN_Konfiguracja:TABLE:CDN.WalNazwy,,heuristic,pl,GENERAL_ERP
BD_CDN_KONFIGURACJA_TABLE_CDN_KFPIW,CDN.KFPIW,"Tabela ""CDN.KFPIW"" w domenie Ogólne. Tabela systemowa.","Tabela ""CDN.KFPIW"" w domenie Ogólne. Tabela systemowa.",3495f0655ee61734b59b643827c8200f0ad3ee68d170575f45745bddc01d67c4,54,CDN_Konfiguracja:TABLE:CDN.KFPIW,,heuristic,pl,GENERAL_ERP
BD_CDN_KONFIGURACJA_TABLE_CDN_ANALIZY,CDN.Analizy,"Tabela ""CDN.Analizy"" w domenie Ogólne. Tabela systemowa.","Tabela ""CDN.Analizy"" w domenie Ogólne. Tabela systemowa.",3646ad6319a4a0fa4676940842192d1f05ce2a01a7f1a31a7d6d5ed45d901f94,56,CDN_Konfiguracja:TABLE:CDN.Analizy,,heuristic,pl,GENERAL_ERP
BD_CDN_KONFIGURACJA_TABLE_CDN_ZADANIAWTLE,CDN.ZadaniaWTle,"Tabela ""CDN.ZadaniaWTle"" w domenie Administracja. Tabela systemowa.","Tabela ""CDN.ZadaniaWTle"" w domenie Administracja. Tabela systemowa.",9a0e2932ff1b6fedc674a223f58ec502539839f245276f3a735f82ea1572ab01,67,CDN_Konfiguracja:TABLE:CDN.ZadaniaWTle,,heuristic,pl,GENERAL_ERP
BD_CDN_KONFIGURACJA_TABLE_CDN_KATALOGI,CDN.Katalogi,"Tabela ""CDN.Katalogi"" w domenie Ogólne. Tabela systemowa.","Tabela ""CDN.Katalogi"" w domenie Ogólne. Tabela systemowa.",f0c36169ad93c08ac273d8b2f90339a0bef57cc4585f24103f16540675cabb92,57,CDN_Konfiguracja:TABLE:CDN.Katalogi,,heuristic,pl,GENERAL_ERP
BD_CDN_KONFIGURACJA_TABLE_CDN_WALNOTOWANIA,CDN.WalNotowania,"Tabela ""CDN.WalNotowania"" w domenie Ogólne. Tabela systemowa.","Tabela ""CDN.WalNotowania"" w domenie Ogólne. Tabela systemowa.",78d09d96b00d70a9737055c29e7dca3d70c3a8bffd0119cdde861de1c5f2066a,61,CDN_Konfiguracja:TABLE:CDN.WalNotowania,,heuristic,pl,PRODUCTS_WAREHOUSE
BD_CDN_KONFIGURACJA_TABLE_CDN_ANLPODLACZENIA,CDN.AnlPodlaczenia,"Tabela ""CDN.AnlPodlaczenia"" w domenie Ogólne. Tabela systemowa.","Tabela ""CDN.AnlPodlaczenia"" w domenie Ogólne. Tabela systemowa.",2d86e6336de0d7ded13899d1729eea731731729ba616e00de017594d4cc84e30,63,CDN_Konfiguracja:TABLE:CDN.AnlPodlaczenia,,heuristic,pl,GENERAL_ERP
BD_CDN_KONFIGURACJA_TABLE_CDN_BNKNAZWYIMPORT,CDN.BnkNazwyImport,"Tabela ""CDN.BnkNazwyImport"" w domenie Ogólne. Tabela systemowa.","Tabela ""CDN.BnkNazwyImport"" w domenie Ogólne. Tabela systemowa.",9a9308aedd28fd1a4329f29daa644bf213c14fbc7a52b2e23e98956d442dc5c0,63,CDN_Konfiguracja:TABLE:CDN.BnkNazwyImport,,heuristic,pl,BANK_CASH
BD_CDN_KONFIGURACJA_TABLE_CDN_ANLULUBIONE,CDN.AnlUlubione,"Tabela ""CDN.AnlUlubione"" w domenie Ogólne. Tabela systemowa.","Tabela ""CDN.AnlUlubione"" w domenie Ogólne. Tabela systemowa.",c5781f608dc925b66983d63da92496acac5ee2069fadd1682710f9c002e8c15a,60,CDN_Konfiguracja:TABLE:CDN.AnlUlubione,,heuristic,pl,GENERAL_ERP
BD_CDN_KONFIGURACJA_TABLE_CDN_URZEDYIMPORT,CDN.UrzedyImport,"Tabela ""CDN.UrzedyImport"" w domenie Ogólne. Tabela systemowa.","Tabela ""CDN.UrzedyImport"" w domenie Ogólne. Tabela systemowa.",ff9adb6c4047d4d3a0303b4c5d548414f5fd309243332aa4ca914fb67a445e4d,61,CDN_Konfiguracja:TABLE:CDN.UrzedyImport,,heuristic,pl,GENERAL_ERP
BD_CDN_KONFIGURACJA_TABLE_CDN_KATALOGZAKAZY,CDN.KatalogZakazy,"Tabela ""CDN.KatalogZakazy"" w domenie Ogólne. Tabela systemowa.","Tabela ""CDN.KatalogZakazy"" w domenie Ogólne. Tabela systemowa.",7e819d90d606bf410f8a23317585f6dd34b2dc163e18984a6556f56e474dc664,62,CDN_Konfiguracja:TABLE:CDN.KatalogZakazy,,heuristic,pl,GENERAL_ERP
BD_CDN_KONFIGURACJA_TABLE_CDN_ANLWSTAWKI,CDN.AnlWstawki,"Tabela ""CDN.AnlWstawki"" w domenie Ogólne. Tabela systemowa.","Tabela ""CDN.AnlWstawki"" w domenie Ogólne. Tabela systemowa.",aa21df5501844bb0f24632c9c2fee0d39b8f0d5930138364488cb234598a2590,59,CDN_Konfiguracja:TABLE:CDN.AnlWstawki,,heuristic,pl,GENERAL_ERP
BD_CDN_KONFIGURACJA_TABLE_CDN_URZRACHUNKIIMPORT,CDN.UrzRachunkiImport,"Tabela ""CDN.UrzRachunkiImport"" w domenie Ogólne. Tabela systemowa.","Tabela ""CDN.UrzRachunkiImport"" w domenie Ogólne. Tabela systemowa.",d92b07a6f14274e9e5660f477f48f07f3c42fe2719f21bd72b4d5c34d87ca1da,66,CDN_Konfiguracja:TABLE:CDN.UrzRachunkiImport,,heuristic,pl,GENERAL_ERP
BD_CDN_KONFIGURACJA_TABLE_CDN_WDRDOMYSLNE,CDN.WdrDomyslne,"Tabela ""CDN.WdrDomyslne"" w domenie Ogólne. Tabela systemowa.","Tabela ""CDN.WdrDomyslne"" w domenie Ogólne. Tabela systemowa.",6e112f164207115b312515dc03c89678516e54c5a77834db72ac9df4e73768e2,60,CDN_Konfiguracja:TABLE:CDN.WdrDomyslne,,heuristic,pl,GENERAL_ERP
BD_CDN_KONFIGURACJA_TABLE_CDN_KATRYBUTY,CDN.KAtrybuty,"Tabela ""CDN.KAtrybuty"" w domenie Ogólne. Tabela systemowa.","Tabela ""CDN.KAtrybuty"" w domenie Ogólne. Tabela systemowa.",42047c6ef7a08b9505637da393e562ef43083e8046ea478203441d3fe423a292,58,CDN_Konfiguracja:TABLE:CDN.KAtrybuty,,heuristic,pl,GENERAL_ERP
BD_CDN_KONFIGURACJA_TABLE_CDN_SECURITYLOGS,CDN.SecurityLogs,"Tabela ""CDN.SecurityLogs"" w domenie Ogólne. Tabela systemowa.","Tabela ""CDN.SecurityLogs"" w domenie Ogólne. Tabela systemowa.",06d850a8fc6fce1a292a32ad3216e195b1d283f6a1f470c8aa4f644dbb15fdbb,61,CDN_Konfiguracja:TABLE:CDN.SecurityLogs,,heuristic,pl,GENERAL_ERP
BD_CDN_KONFIGURACJA_TABLE_CDN_KATRYBUTYGRUPY,CDN.KAtrybutyGrupy,"Tabela ""CDN.KAtrybutyGrupy"" w domenie Ogólne. Tabela systemowa.","Tabela ""CDN.KAtrybutyGrupy"" w domenie Ogólne. Tabela systemowa.",a23e3de261bf0d27ee6a3aa6ecb803707ee5d038561f2ded16a9b952e676698a,63,CDN_Konfiguracja:TABLE:CDN.KAtrybutyGrupy,,heuristic,pl,GENERAL_ERP
BD_CDN_KONFIGURACJA_TABLE_CDN_WEB_VIEWSETTINGS,CDN.Web_ViewSettings,"Tabela ""CDN.Web_ViewSettings"" w domenie Ogólne. Tabela systemowa.","Tabela ""CDN.Web_ViewSettings"" w domenie Ogólne. Tabela systemowa.",6685c42dcdd071f9a0a8d37dd627fb029378069b543f0a80c8de91271cdaaba6,65,CDN_Konfiguracja:TABLE:CDN.Web_ViewSettings,,heuristic,pl,GENERAL_ERP
BD_CDN_KONFIGURACJA_TABLE_CDN_WDRPODLACZENIAWYDRUKOW,CDN.WdrPodlaczeniaWydrukow,"Tabela ""CDN.WdrPodlaczeniaWydrukow"" w domenie Ogólne. Definicje wydruków i szablonów raportów.","Tabela ""CDN.WdrPodlaczeniaWydrukow"" w domenie Ogólne. Definicje wydruków i szablonów raportów.",90f9a340c73ba0c12c04d96cf33fa6022ba82337232e95f0c7505b5e2bf613c2,94,CDN_Konfiguracja:TABLE:CDN.WdrPodlaczeniaWydrukow,,heuristic,pl,GENERAL_ERP
BD_CDN_KONFIGURACJA_TABLE_CDN_KATRYBUTYKLASY,CDN.KAtrybutyKlasy,"Tabela ""CDN.KAtrybutyKlasy"" w domenie Ogólne. Tabela systemowa.","Tabela ""CDN.KAtrybutyKlasy"" w domenie Ogólne. Tabela systemowa.",17c5ffef223e1b200956521345d59cc747b5a765fb200ca970e2d713bcc3be4c,63,CDN_Konfiguracja:TABLE:CDN.KAtrybutyKlasy,,heuristic,pl,GENERAL_ERP
BD_CDN_KONFIGURACJA_TABLE_CDN_ANLZAKAZY,CDN.AnlZakazy,"Tabela ""CDN.AnlZakazy"" w domenie Ogólne. Tabela systemowa.","Tabela ""CDN.AnlZakazy"" w domenie Ogólne. Tabela systemowa.",f7b59a3856e5b0bc4eaddbb21bddfb5566960502a8da393c6bb32654b07594ab,58,CDN_Konfiguracja:TABLE:CDN.AnlZakazy,,heuristic,pl,GENERAL_ERP
BD_CDN_KONFIGURACJA_TABLE_CDN_WEB_TASKS,CDN.Web_Tasks,"Tabela ""CDN.Web_Tasks"" w domenie Ogólne. Tabela systemowa.","Tabela ""CDN.Web_Tasks"" w domenie Ogólne. Tabela systemowa.",73853ea250f6b603ac3712537d78f675b957ca0288d011bdba92b3fa241f52f9,58,CDN_Konfiguracja:TABLE:CDN.Web_Tasks,,heuristic,pl,GENERAL_ERP
BD_CDN_KONFIGURACJA_TABLE_CDN_WDRPODLACZENIAZESTAWOW,CDN.WdrPodlaczeniaZestawow,"Tabela ""CDN.WdrPodlaczeniaZestawow"" w domenie Ogólne. Tabela systemowa.","Tabela ""CDN.WdrPodlaczeniaZestawow"" w domenie Ogólne. Tabela systemowa.",9e821b8b5cfb09a2e843796dab37d770c70d48aeccf4ec2f8123ca13426f3251,71,CDN_Konfiguracja:TABLE:CDN.WdrPodlaczeniaZestawow,,heuristic,pl,GENERAL_ERP
BD_CDN_KONFIGURACJA_TABLE_CDN_KATRYBUTYKLASYELEM,CDN.KAtrybutyKlasyElem,"Tabela ""CDN.KAtrybutyKlasyElem"" w domenie Ogólne. Tabela systemowa.","Tabela ""CDN.KAtrybutyKlasyElem"" w domenie Ogólne. Tabela systemowa.",86afbcbe489abfc379c2d9c407d67599f0b2c60e5f8caf42472b251cbf09fc56,67,CDN_Konfiguracja:TABLE:CDN.KAtrybutyKlasyElem,,heuristic,pl,GENERAL_ERP
BD_CDN_KONFIGURACJA_TABLE_CDN_BACKUPIBARD,CDN.BackupIBard,"Tabela ""CDN.BackupIBard"" w domenie Ogólne. Tabela systemowa.","Tabela ""CDN.BackupIBard"" w domenie Ogólne. Tabela systemowa.",582ecd8598a30dfadda915d17864453d6204a89b3effcfe43b7da3a77a966b73,60,CDN_Konfiguracja:TABLE:CDN.BackupIBard,,heuristic,pl,GENERAL_ERP
BD_CDN_KONFIGURACJA_TABLE_CDN_WDRZAKAZYDOWYDRUKOW,CDN.WdrZakazyDoWydrukow,"Tabela ""CDN.WdrZakazyDoWydrukow"" w domenie Ogólne. Definicje wydruków i szablonów raportów.","Tabela ""CDN.WdrZakazyDoWydrukow"" w domenie Ogólne. Definicje wydruków i szablonów raportów.",f79ca82c45dde19a6e8998031a7996d7c710db72a38bd47f0c5e3c7d74d32a11,91,CDN_Konfiguracja:TABLE:CDN.WdrZakazyDoWydrukow,,heuristic,pl,GENERAL_ERP
BD_CDN_KONFIGURACJA_TABLE_CDN_WEB_SUBTASKS,CDN.Web_Subtasks,"Tabela ""CDN.Web_Subtasks"" w domenie Ogólne. Tabela systemowa.","Tabela ""CDN.Web_Subtasks"" w domenie Ogólne. Tabela systemowa.",30eeaecf50ef8c504e52dca2dece7781d35e1bb70be3e0a9464c9ac14ce23160,61,CDN_Konfiguracja:TABLE:CDN.Web_Subtasks,,heuristic,pl,GENERAL_ERP
BD_CDN_KONFIGURACJA_TABLE_CDN_KATRYBUTYKLASYZAKAZ,CDN.KAtrybutyKlasyZakaz,"Tabela ""CDN.KAtrybutyKlasyZakaz"" w domenie Ogólne. Tabela systemowa.","Tabela ""CDN.KAtrybutyKlasyZakaz"" w domenie Ogólne. Tabela systemowa.",f87a562665c144c88a5f9a73268a9328d5796d61aa55ff57f2e753998d2ba3e7,68,CDN_Konfiguracja:TABLE:CDN.KAtrybutyKlasyZakaz,,heuristic,pl,GENERAL_ERP
BD_CDN_KONFIGURACJA_TABLE_CDN_WDRZAKAZYDOZESTAWOW,CDN.WdrZakazyDoZestawow,"Tabela ""CDN.WdrZakazyDoZestawow"" w domenie Ogólne. Tabela systemowa.","Tabela ""CDN.WdrZakazyDoZestawow"" w domenie Ogólne. Tabela systemowa.",7632e6059f28e0b2eb75fe928c38e8e34712e2c67ddc5cc2aa956eef74e097b3,68,CDN_Konfiguracja:TABLE:CDN.WdrZakazyDoZestawow,,heuristic,pl,GENERAL_ERP
BD_CDN_KONFIGURACJA_TABLE_CDN_WEB_SUBTASKSLOGS,CDN.Web_SubtasksLogs,"Tabela ""CDN.Web_SubtasksLogs"" w domenie Ogólne. Tabela systemowa.","Tabela ""CDN.Web_SubtasksLogs"" w domenie Ogólne. Tabela systemowa.",2216d73bec4f06ea98ffa524b43b16ebf6e8029b9b85a396db36b0fbf902cbd7,65,CDN_Konfiguracja:TABLE:CDN.Web_SubtasksLogs,,heuristic,pl,GENERAL_ERP
BD_CDN_KONFIGURACJA_TABLE_CDN_KATRYBUTYKOLUMNY,CDN.KAtrybutyKolumny,"Tabela ""CDN.KAtrybutyKolumny"" w domenie Ogólne. Tabela systemowa.","Tabela ""CDN.KAtrybutyKolumny"" w domenie Ogólne. Tabela systemowa.",8a9a9807cc18fb7d015f77fee2beb257b86037910579ccef23b6db7a6b313f54,65,CDN_Konfiguracja:TABLE:CDN.KAtrybutyKolumny,,heuristic,pl,GENERAL_ERP
BD_CDN_KONFIGURACJA_TABLE_CDN_BAZPRZYPOMNIENIA,CDN.BazPrzypomnienia,"Tabela ""CDN.BazPrzypomnienia"" w domenie Ogólne. Tabela systemowa.","Tabela ""CDN.BazPrzypomnienia"" w domenie Ogólne. Tabela systemowa.",452dd094ee04dca0beaeb9801f1c45fbe9b28f69f7e48100a7adf72e3e35dee0,65,CDN_Konfiguracja:TABLE:CDN.BazPrzypomnienia,,heuristic,pl,CONFIGURATION_ADMIN
BD_CDN_KONFIGURACJA_TABLE_CDN_WDRZESTAWY,CDN.WdrZestawy,"Tabela ""CDN.WdrZestawy"" w domenie Ogólne. Tabela systemowa.","Tabela ""CDN.WdrZestawy"" w domenie Ogólne. Tabela systemowa.",74ab2e23d0c58f1ace8021339e350366a3dae9619fad8b6c2d547a2a0ea3589b,59,CDN_Konfiguracja:TABLE:CDN.WdrZestawy,,heuristic,pl,GENERAL_ERP
BD_CDN_KONFIGURACJA_TABLE_CDN_WEB_ACTIONS,CDN.Web_Actions,"Tabela ""CDN.Web_Actions"" w domenie Ogólne. Tabela systemowa.","Tabela ""CDN.Web_Actions"" w domenie Ogólne. Tabela systemowa.",48213f26b216df909a288ad4e79cade21fe8f1c97bb93b1c142f1611ca6cb382,60,CDN_Konfiguracja:TABLE:CDN.Web_Actions,,heuristic,pl,GENERAL_ERP
BD_CDN_KONFIGURACJA_TABLE_CDN_KONFIG,CDN.Konfig,"Tabela ""CDN.Konfig"" w domenie Ogólne. Tabela systemowa.","Tabela ""CDN.Konfig"" w domenie Ogólne. Tabela systemowa.",95ab38269d324dfb87b15013069b102481ba9eb7bdf30ed3a40b55d0559ca3fe,55,CDN_Konfiguracja:TABLE:CDN.Konfig,,heuristic,pl,CONTRACTORS_CRM
BD_CDN_KONFIGURACJA_TABLE_CDN_BAZMODULYOPERATORA,CDN.BazModulyOperatora,"Tabela ""CDN.BazModulyOperatora"" w domenie Administracja. Operatorzy systemu — loginy, uprawnienia, profile.","Tabela ""CDN.BazModulyOperatora"" w domenie Administracja. Operatorzy systemu — loginy, uprawnienia, profile.",7c9faafa38c7b5a55547760790bc092eee1734ca1de965ce1221f2ba97060cc3,107,CDN_Konfiguracja:TABLE:CDN.BazModulyOperatora,,heuristic,pl,CONFIGURATION_ADMIN
BD_CDN_KONFIGURACJA_TABLE_CDN_KONFIGCDN,CDN.KonfigCDN,"Tabela ""CDN.KonfigCDN"" w domenie Ogólne. Tabela systemowa.","Tabela ""CDN.KonfigCDN"" w domenie Ogólne. Tabela systemowa.",4f7bf42239762be043546613dea32a8967237a4fb581080b5d1a02a8506fa20b,58,CDN_Konfiguracja:TABLE:CDN.KonfigCDN,,heuristic,pl,CONTRACTORS_CRM
BD_CDN_KONFIGURACJA_TABLE_CDN_KONFIGTEXT,CDN.KonfigText,"Tabela ""CDN.KonfigText"" w domenie Ogólne. Tabela systemowa.","Tabela ""CDN.KonfigText"" w domenie Ogólne. Tabela systemowa.",7e99f62b21da863acdd436719b7dd4ef1d5b841b612304ddf75ab33e0c68cb1e,59,CDN_Konfiguracja:TABLE:CDN.KonfigText,,heuristic,pl,CONTRACTORS_CRM
BD_CDN_KONFIGURACJA_TABLE_CDN_KRST,CDN.KRST,"Tabela ""CDN.KRST"" w domenie Ogólne. Tabela systemowa.","Tabela ""CDN.KRST"" w domenie Ogólne. Tabela systemowa.",b2a8ee886def261fcbc10d3b85afc006c00563c611d0cfb5459b78acb57d13b2,53,CDN_Konfiguracja:TABLE:CDN.KRST,,heuristic,pl,GENERAL_ERP
BD_CDN_KONFIGURACJA_TABLE_CDN_WDRAUTO,CDN.WdrAuto,"Tabela ""CDN.WdrAuto"" w domenie Ogólne. Tabela systemowa.","Tabela ""CDN.WdrAuto"" w domenie Ogólne. Tabela systemowa.",c1c2fe36787fbadd31846ddddaa83bf3e9fbdcda7f86856c6de98a705c0b3415,56,CDN_Konfiguracja:TABLE:CDN.WdrAuto,,heuristic,pl,GENERAL_ERP
BD_CDN_KONFIGURACJA_TABLE_CDN_WIDOKIKOLUMNY,CDN.WidokiKolumny,"Tabela ""CDN.WidokiKolumny"" w domenie Ogólne. Tabela systemowa.","Tabela ""CDN.WidokiKolumny"" w domenie Ogólne. Tabela systemowa.",d3c2e1d179ddc10bf3e82cbc39939f550b017037cda29b155751204ace5a3c24,62,CDN_Konfiguracja:TABLE:CDN.WidokiKolumny,,heuristic,pl,GENERAL_ERP
BD_CDN_KONFIGURACJA_TABLE_CDN_PODPISCERTYFIKAT,CDN.PodpisCertyfikat,"Tabela ""CDN.PodpisCertyfikat"" w domenie Ogólne. Tabela systemowa.","Tabela ""CDN.PodpisCertyfikat"" w domenie Ogólne. Tabela systemowa.",cd2d275e3f7bef8a7c913ca0e7caa67de0389f709fed6bc0b9ce494ac2a2811a,65,CDN_Konfiguracja:TABLE:CDN.PodpisCertyfikat,,heuristic,pl,GENERAL_ERP
BD_CDN_KONFIGURACJA_TABLE_CDN_WIDOKINAZWY,CDN.WidokiNazwy,"Tabela ""CDN.WidokiNazwy"" w domenie Ogólne. Tabela systemowa.","Tabela ""CDN.WidokiNazwy"" w domenie Ogólne. Tabela systemowa.",58abc28cf4efdfc1f1f33206eabd5ce70b82625a3a4d042a1a1bf8a6e8096fca,60,CDN_Konfiguracja:TABLE:CDN.WidokiNazwy,,heuristic,pl,GENERAL_ERP
BD_CDN_KONFIGURACJA_TABLE_CDN_MAILFOLDERY,CDN.MailFoldery,"Tabela ""CDN.MailFoldery"" w domenie Ogólne. Tabela systemowa.","Tabela ""CDN.MailFoldery"" w domenie Ogólne. Tabela systemowa.",103a63caf142e5440a864197d2df0aa7fe26be754daebab8a3c968c3854add66,60,CDN_Konfiguracja:TABLE:CDN.MailFoldery,,heuristic,pl,CONFIGURATION_ADMIN
BD_CDN_KONFIGURACJA_TABLE_CDN_WYDRUKI,CDN.Wydruki,"Tabela ""CDN.Wydruki"" w domenie Ogólne. Definicje wydruków i szablonów raportów.","Tabela ""CDN.Wydruki"" w domenie Ogólne. Definicje wydruków i szablonów raportów.",a593dc900cf77e9b449e6a4b5649a82b068f820afdf0f465781020d162ec4705,79,CDN_Konfiguracja:TABLE:CDN.Wydruki,,heuristic,pl,CONFIGURATION_ADMIN
BD_CDN_KONFIGURACJA_TABLE_CDN_MAILKONTAEMAIL,CDN.MailKontaEMail,"Tabela ""CDN.MailKontaEMail"" w domenie Ogólne. Tabela systemowa.","Tabela ""CDN.MailKontaEMail"" w domenie Ogólne. Tabela systemowa.",d092d9523eaae47056acc440c1f8cd00b075592d60f832fcd3a167603b0e5e86,63,CDN_Konfiguracja:TABLE:CDN.MailKontaEMail,,heuristic,pl,CONFIGURATION_ADMIN
BD_PROMOTED_DRAFT_2026_06_19_216963D4_KATALOG_KPI_I_PROJEKT_DASHBOARDU_BI_DLA_MSP_NA_COMARCH_3F6FCE3E9E64BFC,Katalog KPI i projekt dashboardu BI dla MSP na Comarch ERP Optima (mapowanie na schemat CDN) (1/5),"## TL;DR
- Solidna, uniwersalna warstwa metodologiczna (~40 wskaźników w 8 obszarach: finanse/rentowność, płynność, należności/zobowiązania, magazyn, sprzedaż, kontrahenci) z wzorami, sensem biznesowym, wizualizacją i progiem alertu, zmapowana na realne tabele CDN.
- Większość zaawansowanych KPI (ABC/XYZ, RFM, HHI, CCC, EBITDA) NIE jest dostępna jako gotowa funkcja Comarch — trzeba je liczyć samodzielnie na bazie CDN.
- Comarch daje standardowo wbudowany moduł ""Analizy BI"" (raporty drag&drop) oraz osobno płatny Comarch BI Point (197 raportów + 9 dashboardów, OLAP).
- Rekomendowana architektura dashboardu: piramida 3 poziomów (zarząd: 7-9 KPI → kierownicy → drill-down do dokumentu).
## Mapowanie KPI na realny schemat CDN (zweryfikowane na bazie CDN_TEST, instancja OPTIMA)
### Sprzedaż/zakupy/marża
- CDN.TraNag — nagłówki dokumentów. Kolumny: TrN_TypDokumentu (301=FZ, 302=FA, 305/306/308/309, 320=PA), TrN_Rodzaj, TrN_PodID/OdbID/PlatnikID, TrN_RazemNetto/VAT/Brutto, TrN_WartoscZakupu (koszt - baza marży), TrN_Waluta+KursL/M, TrN_Kategoria/KatID, TrN_Termin, TrN_MagZrdId/MagDocId, TrN_Rabat/RabatWartosc, TrN_OpeZalKod/OpeModKod, TrN_NrKSeF.
- CDN.TraElem — pozycje. TrE_TwrKod/TwrNazwa, TrE_MagId, TrE_Ilosc/IloscJM, TrE_WartoscNetto/Brutto, TrE_WartoscZakupu/WartoscZakupuWylicz (marża pozycji = WartoscNetto - WartoscZakupu), TrE_Cena0/CenaW/CenaT, TrE_Rabat/RabatPromocyjny/RabatKorekta.
### Kontrahenci
- CDN.Kontrahenci — Knt_Kod, Knt_Grupa, Knt_LimitKredytu/LimitKredytuWykorzystany/LimitFlag, Knt_LimitPrzeterKredytFlag/Wartosc, Knt_Termin/TerminPlat, Knt_MaxZwloka, Knt_OpiekunTyp, Knt_NipE/Nip.
### Magazyn
- CDN.Towary — Twr_Kod, Twr_Typ, Twr_IloscMin/Max/Zam (baza alertu stockout), Twr_MarzaMin/MinCenaMarza, Twr_KodDostawcy, Twr_ProducentKod.
- CDN.TwrZasoby — stany per m","## TL;DR
- Solidna, uniwersalna warstwa metodologiczna (~40 wskaźników w 8 obszarach: finanse/rentowność, płynność, należności/zobowiązania, magazyn, sprzedaż, kontrahenci) z wzorami, sensem biznesowym, wizualizacją i progiem alertu, zmapowana na realne tabele CDN.
- Większość zaawansowanych KPI (ABC/XYZ, RFM, HHI, CCC, EBITDA) NIE jest dostępna jako gotowa funkcja Comarch — trzeba je liczyć samodzielnie na bazie CDN.
- Comarch daje standardowo wbudowany moduł ""Analizy BI"" (raporty drag&drop) oraz osobno płatny Comarch BI Point (197 raportów + 9 dashboardów, OLAP).
- Rekomendowana architektura dashboardu: piramida 3 poziomów (zarząd: 7-9 KPI → kierownicy → drill-down do dokumentu).
## Mapowanie KPI na realny schemat CDN (zweryfikowane na bazie CDN_TEST, instancja OPTIMA)
### Sprzedaż/za...",63bccb005cbab2505eef4b0483ab3efa72c26b83a082dd98583c4dde9cd1f03b,1800,,,promoted_knowledge_draft,pl,Ogólne
BD_PROMOTED_DRAFT_2026_06_19_216963D4_KATALOG_KPI_I_PROJEKT_DASHBOARDU_BI_DLA_MSP_NA_COMARCH_B1321E0DBD2D47C,Katalog KPI i projekt dashboardu BI dla MSP na Comarch ERP Optima (mapowanie na schemat CDN) (2/5),"agazyn: TwZ_MagId, TwZ_Ilosc, TwZ_Wartosc, TwZ_Cena.
- CDN.Magazyny — Mag_MagId, Mag_Symbol, Mag_Nazwa, Mag_Typ.
- CDN.RemanentNag/RemanentElem — inwentaryzacje.
- CDN.Kategorie — Kat_Typ, Kat_KodOgolny/KodSzczegol, Kat_RodzajZakupu.
### Płynność, należności/zobowiązania, księgowość
- CDN.BnkZdarzenia (preliminarz płatności) — BZd_Kwota, BZd_KwotaRoz, BZd_Termin (baza agingu i DSO/DPO), BZd_Kierunek, BZd_Rozliczono, BZd_PodmiotID. GŁÓWNA tabela do agingu i prognozy wpływów/wydatków.
- CDN.BnkZapisy (faktyczne zapisy K/B) — BZp_Kwota, BZp_Kierunek, BZp_DataDok, BZp_Rozliczono.
- CDN.KsiRozrachunki — pełna księgowość: KRo_Kwota, KRo_SumRozliczen, KRo_TerminPlatnosci, KRo_Strona, KRo_Konto.
- CDN.DekretyNag/DekretyElem + CDN.Konta + CDN.Obroty — dekrety, plan kont, obroty/salda (zespoły 4/7) - baza struktury kosztów/przychodów, EBITDA, cash flow operacyjnego.
### Zamówienia/operacje
- CDN.DokNag/DokElem — oferty, zamówienia - baza fulfillment rate, backlogu.
- CDN.VatNag/TraVat — rejestry VAT.
### Zastrzeżenie metodologiczne
Baza testowa CDN_TEST ma bardzo mało rekordów, więc agregaty liczbowe NIE są reprezentatywne biznesowo - wartość eksploracji to wyłącznie potwierdzenie nazw tabel/kolumn i typów danych, nie wzorców biznesowych.
## Katalog KPI wg obszarów
### Finanse i rentowność
- Marża brutto = (Przychód - COGS)/Przychód. CDN: TraNag.TrN_RazemNetto - TrN_WartoscZakupu, lub per pozycja TraElem.
- Marża netto = Zysk netto/Przychód. CDN: Obroty/DekretyNag (zespół 7 vs 4/5).
- ROS = EBIT/Przychód netto - uwaga: definicja niejednoznaczna w źródłach (EBIT vs zysk netto), przyjęto wariant EBIT.
- EBITDA uproszczona = Zysk netto + Odsetki + Podatki + Amortyzacja. CDN: DekretyNag/Elem, Konta, Obroty.
- Dynamika MoM/YoY, narastanie YTD - agregacje na TrN_DataDok.
- Budżet vs wy","agazyn: TwZ_MagId, TwZ_Ilosc, TwZ_Wartosc, TwZ_Cena.
- CDN.Magazyny — Mag_MagId, Mag_Symbol, Mag_Nazwa, Mag_Typ.
- CDN.RemanentNag/RemanentElem — inwentaryzacje.
- CDN.Kategorie — Kat_Typ, Kat_KodOgolny/KodSzczegol, Kat_RodzajZakupu.
### Płynność, należności/zobowiązania, księgowość
- CDN.BnkZdarzenia (preliminarz płatności) — BZd_Kwota, BZd_KwotaRoz, BZd_Termin (baza agingu i DSO/DPO), BZd_Kierunek, BZd_Rozliczono, BZd_PodmiotID. GŁÓWNA tabela do agingu i prognozy wpływów/wydatków.
- CDN.BnkZapisy (faktyczne zapisy K/B) — BZp_Kwota, BZp_Kierunek, BZp_DataDok, BZp_Rozliczono.
- CDN.KsiRozrachunki — pełna księgowość: KRo_Kwota, KRo_SumRozliczen, KRo_TerminPlatnosci, KRo_Strona, KRo_Konto.
- CDN.DekretyNag/DekretyElem + CDN.Konta + CDN.Obroty — dekrety, plan kont, obroty/salda (zespoły 4/...",95cbd14b848fe93da505e698ce5c56a02fc0fe5c2a74232c83436493e325336f,1800,,,promoted_knowledge_draft,pl,Ogólne
BD_PROMOTED_DRAFT_2026_06_19_216963D4_KATALOG_KPI_I_PROJEKT_DASHBOARDU_BI_DLA_MSP_NA_COMARCH_CF65528DDF0122D,Katalog KPI i projekt dashboardu BI dla MSP na Comarch ERP Optima (mapowanie na schemat CDN) (3/5),"konanie - tabele BudzetNag/BudzetElem istnieją w schemacie - zawartość do zweryfikowania.
- Cash flow operacyjny (metoda pośrednia) = Zysk netto + amortyzacja +/- delta kapitału obrotowego. CDN: DekretyNag, KsiRozrachunki, BnkZapisy.
### Płynność i kapitał obrotowy
- DSO = (Średnie należności/Sprzedaż na kredyt) x dni. CDN: KsiRozrachunki/BnkZdarzenia + TraNag.
- DPO = (Średnie zobowiązania/COGS) x dni.
- DIO = (Średni zapas/COGS) x dni = 365/rotacja zapasów.
- CCC = DIO + DSO - DPO.
- Current ratio = Aktywa obrotowe/Zobowiązania krótkoterminowe (zdrowy zakres branżowo 1,5-2,0).
- Quick ratio = (Aktywa obrotowe - Zapasy)/Zobowiązania krótkoterminowe (>=1 zwykle dobre).
### Należności i zobowiązania (aging)
- Przedziały: bieżące, 1-30, 31-60, 61-90, >90 dni - liczone od BZd_Termin/KRo_TerminPlatnosci, nie od daty wystawienia.
- Alert: >20-25% AR po terminie; pojedynczy klient >15-20% całości AR.
- Prognoza wpływów/wydatków - kalendarz płatności z BnkZdarzenia.
### Magazyn
- Rotacja zapasów = COGS/Średni zapas. CDN: TwrZasoby, TraElem.
- ABC - sortowanie wg wartości obrotu/marży, podział 80/15/5. NIE jest gotową funkcją Comarch - do zbudowania samodzielnie SQL-em na TraElem+Towary.
- XYZ - współczynnik zmienności popytu; macierz ABC x XYZ = 9 grup.
- Dead stock/wolnorotujące - częściowo gotowe w Optimie: raporty 7.19, 7.20, 7.23 w module Analizy BI.
- Stockout risk - Towary.Twr_IloscMin vs TwrZasoby.TwZ_Ilosc.
### Sprzedaż i kontrahenci
- Pareto 80/20 - 20% klientów/produktów = ~80% sprzedaży/marży.
- HHI = suma(udział_i)^2 - koncentracja portfela klientów. Progi: <1500 niska, 1500-2500 umiarkowana, >2500 wysoka.
- RFM - kwintyle (1-5) dla Recency/Frequency/Monetary per Kontrahenci+TraNag. Recency ma najwyższą siłę predykcyjną. Rekalkulacja min. miesięczna.
- Churn/retenc","konanie - tabele BudzetNag/BudzetElem istnieją w schemacie - zawartość do zweryfikowania.
- Cash flow operacyjny (metoda pośrednia) = Zysk netto + amortyzacja +/- delta kapitału obrotowego. CDN: DekretyNag, KsiRozrachunki, BnkZapisy.
### Płynność i kapitał obrotowy
- DSO = (Średnie należności/Sprzedaż na kredyt) x dni. CDN: KsiRozrachunki/BnkZdarzenia + TraNag.
- DPO = (Średnie zobowiązania/COGS) x dni.
- DIO = (Średni zapas/COGS) x dni = 365/rotacja zapasów.
- CCC = DIO + DSO - DPO.
- Current ratio = Aktywa obrotowe/Zobowiązania krótkoterminowe (zdrowy zakres branżowo 1,5-2,0).
- Quick ratio = (Aktywa obrotowe - Zapasy)/Zobowiązania krótkoterminowe (>=1 zwykle dobre).
### Należności i zobowiązania (aging)
- Przedziały: bieżące, 1-30, 31-60, 61-90, >90 dni - liczone od BZd_Termin/KRo_Te...",c581cd3596794872736b3d4433281dcd3118716ccb7691fbd35fabc3fc76a4e8,1800,,,promoted_knowledge_draft,pl,Ogólne
BD_PROMOTED_DRAFT_2026_06_19_216963D4_KATALOG_KPI_I_PROJEKT_DASHBOARDU_BI_DLA_MSP_NA_COMARCH_71A49960CC73B54,Katalog KPI i projekt dashboardu BI dla MSP na Comarch ERP Optima (mapowanie na schemat CDN) (4/5),"ja - liczone na poziomie konta i wartości w B2B.
## Specyfika narzędziowa Comarch
### Moduł ""Analizy BI"" (wbudowany, desktopowy)
- Tabela przestawna, drag&drop, subskrypcje mailowe/SMS, eksport Excel, formatowanie warunkowe, TOP N.
- Nazwane raporty potwierdzone w oficjalnej Bazie Wiedzy Comarch: 1.26 Analiza RO według kontrahentów, 1.27 Analiza RO pozostałych do realizacji, 1.30 Faktury nierozliczone, 23 Raport Sprzedaży z Opisem Analitycznym, 7.19 Ranking produktów zalegających, 7.20/7.23 Zaleganie w przedziałach, 7.18 Produkty z dostaw, 14 Raport Zasobów Magazynowych z Dostaw, 5.09 Ewidencja dodatkowa przychodów i kosztów, 25 Raport Księgowości (KK), 08 Raport Rejestrów VAT, 10.06/10.07 raporty CRM.
- WAŻNE: rotacja magazynowa i struktura wiekowa należności/zobowiązań są opisane w STARSZYM module ""Analizy"", NIE w ""Analizy BI"".
- Dokładna łączna liczba raportów w Analizy BI nieoficjalna (partnerzy: rozbieżnie 50/100/147/150).
### Comarch BI Point (osobny, płatny produkt)
- Aplikacja serwerowa, przeglądarka (desktop+mobile), kostki OLAP z drilldown, wieloźródłowość, asystent AI ChatERP, alerty progowe.
- Oficjalnie potwierdzone: 197 standardowych raportów + 9 dashboardów w 5 obszarach: Handel, Logistyka, Płatności, Płace i Kadry, Księgowość.
### Brak gotowych funkcji w Comarch
- Analiza ABC/XYZ, RFM, HHI, CCC, EBITDA - wymagają budowy własnej (widoki SQL na replice CDN + Power BI/Tableau/Qlik/Analizy BI).
## Dobre praktyki dashboardu zarządczego
- 5-7 (max 9) głównych KPI na widok zarządu; reszta przez drill-down.
- Piramida 3 poziomów: strategiczny (zarząd, miesięcznie) - taktyczny (kierownicy, tygodniowo) - operacyjny (drill-down do dokumentu).
- Wizualizacje: waterfall (dekompozycja wyniku, CCC), bullet chart (wykonanie vs cel), heatmapa (aging klient x przedział), ","ja - liczone na poziomie konta i wartości w B2B.
## Specyfika narzędziowa Comarch
### Moduł ""Analizy BI"" (wbudowany, desktopowy)
- Tabela przestawna, drag&drop, subskrypcje mailowe/SMS, eksport Excel, formatowanie warunkowe, TOP N.
- Nazwane raporty potwierdzone w oficjalnej Bazie Wiedzy Comarch: 1.26 Analiza RO według kontrahentów, 1.27 Analiza RO pozostałych do realizacji, 1.30 Faktury nierozliczone, 23 Raport Sprzedaży z Opisem Analitycznym, 7.19 Ranking produktów zalegających, 7.20/7.23 Zaleganie w przedziałach, 7.18 Produkty z dostaw, 14 Raport Zasobów Magazynowych z Dostaw, 5.09 Ewidencja dodatkowa przychodów i kosztów, 25 Raport Księgowości (KK), 08 Raport Rejestrów VAT, 10.06/10.07 raporty CRM.
- WAŻNE: rotacja magazynowa i struktura wiekowa należności/zobowiązań są opisane w ST...",340d502c48d1de6edd79aca2a2459ab4627c4fb965d473bd8408039ee09b071f,1800,,,promoted_knowledge_draft,pl,Ogólne
BD_PROMOTED_DRAFT_2026_06_19_216963D4_KATALOG_KPI_I_PROJEKT_DASHBOARDU_BI_DLA_MSP_NA_COMARCH_A9596889B0ACC1A,Katalog KPI i projekt dashboardu BI dla MSP na Comarch ERP Optima (mapowanie na schemat CDN) (5/5),"sparkline (mikrotrend), wykres narastający (YTD), tabela odchyleń.
- Reguła 3-30-300: KPI czytelne w 3s, kontekst w 30s, szczegół w 300s.
- Kolor jako sygnał (traffic lights); KPI zawsze z celem/trendem/baseline.
## Rekomendacja wdrożeniowa (3 fazy)
1. Fundament (2-4 tyg.): widoki SQL na replice CDN (NIE na produkcyjnej bazie) + 7-9 KPI zarządczych. Walidacja z księgowością (różnice <1-2%).
2. Warstwa operacyjna: ABC/XYZ zapasów, RFM klientów, HHI+TOP klientów, budżet vs wykonanie. Progi alertów kalibrować na 12 mies. danych historycznych.
3. Automatyzacja: alerty KPI + subskrypcje + drill-down do dokumentu (DokNag/DokElem, TraNag).
Decyzja narzędziowa: raporty tabelaryczne/Excel -> wbudowane Analizy BI. Interaktywne dashboardy/OLAP/alerty/mobile -> BI Point albo Power BI/Tableau/Qlik na replice CDN.
## Zastrzeżenia
- Progi alertów branżowo zależne - punkt startowy, nie sztywna norma.
- Definicja ROS sprzeczna w źródłach (EBIT vs zysk netto).
- EBITDA nie jest miarą GAAP, ignoruje kapitał obrotowy i CAPEX.
- Eksploracja CDN_TEST potwierdziła wyłącznie strukturę, nie wzorce biznesowe (mała próbka).
- Materiały partnerów Comarch czasem mieszają moduły ""Analizy"" i ""Analizy BI"" - weryfikować na posiadanej wersji.","sparkline (mikrotrend), wykres narastający (YTD), tabela odchyleń.
- Reguła 3-30-300: KPI czytelne w 3s, kontekst w 30s, szczegół w 300s.
- Kolor jako sygnał (traffic lights); KPI zawsze z celem/trendem/baseline.
## Rekomendacja wdrożeniowa (3 fazy)
1. Fundament (2-4 tyg.): widoki SQL na replice CDN (NIE na produkcyjnej bazie) + 7-9 KPI zarządczych. Walidacja z księgowością (różnice <1-2%).
2. Warstwa operacyjna: ABC/XYZ zapasów, RFM klientów, HHI+TOP klientów, budżet vs wykonanie. Progi alertów kalibrować na 12 mies. danych historycznych.
3. Automatyzacja: alerty KPI + subskrypcje + drill-down do dokumentu (DokNag/DokElem, TraNag).
Decyzja narzędziowa: raporty tabelaryczne/Excel -> wbudowane Analizy BI. Interaktywne dashboardy/OLAP/alerty/mobile -> BI Point albo Power BI/Tableau/Qlik n...",61a1148df7ca2fabfa76ed774696a6668648ca14cfe06877bc0a34469adfc938,1228,,,promoted_knowledge_draft,pl,Ogólne
BD_PROMOTED_DRAFT_2026_06_22_777738D1_DODANIE_NOWEGO_ZAPISU_ZAK_ADKA_OGOLNE_BAZA_WIEDZY_PROG_6DB5D14D314DB65,Dodanie nowego zapisu – zakładka Ogólne – Baza Wiedzy programu Comarch ERP Optima,"External source discovered via Exa query: Co oznacza komunikat ""Podmiot nie posiada domyślnego numeru rachunku"" i w jakich okolicznościach jest zwracany przy zapisie dokumentu w Comarch ERP Optima?
Title: Dodanie nowego zapisu – zakładka Ogólne – Baza Wiedzy programu Comarch ERP Optima
URL: https://pomoc.comarch.pl/optima/pl/2026/dokumentacja/dodanie-nowego-zapisu-zakladka-ogolne/
Tier: official
Published: 2025-07-04T15:25:13.000Z
Komunikat “Podmiot nie posiada domyślnego numeru rachunku” pojawia się w Comarch ERP Optima w kontekście płatności przelewem. Jest to informacja, że dla danego kontrahenta nie zdefiniowano domyślnego numeru rachunku bankowego. Zwrot ten występuje:
- gdy na dokumencie wybrana jest forma płatności Przelew, a dla wybranego kontrahenta nie ma przypisanego domyślnego rachunku bankowego w walucie dokumentu,
- na dokumentach w PLN, jeśli kontrahent ma tylko domyślny rachunek w innej walucie (w takim przypadku pola numeru rachunku nie można wypełnić),
- po aktualizacji dokumentu lub płatnika na korekcie, podczas weryfikacji numeru rachunku w ewidencji dodatkowej kosztów/przychodów, system ponownie weryfikuje czy numer rachunku istnieje w Wykazie podatników VAT i może ponownie wyświetlić komunikat jeśli domyślny numer nie jest dostępny.
Krótko: komunikat oznacza brak zdefiniowanego d...
Operator notes:
Automatyczny draft utworzony z odpowiedzi fallback KB-first. Sprawdź przed promocją.
This draft came from external search and requires review before promotion into a KB.","External source discovered via Exa query: Co oznacza komunikat ""Podmiot nie posiada domyślnego numeru rachunku"" i w jakich okolicznościach jest zwracany przy zapisie dokumentu w Comarch ERP Optima?
Title: Dodanie nowego zapisu – zakładka Ogólne – Baza Wiedzy programu Comarch ERP Optima
URL: https://pomoc.comarch.pl/optima/pl/2026/dokumentacja/dodanie-nowego-zapisu-zakladka-ogolne/
Tier: official
Published: 2025-07-04T15:25:13.000Z
Komunikat “Podmiot nie posiada domyślnego numeru rachunku” pojawia się w Comarch ERP Optima w kontekście płatności przelewem. Jest to informacja, że dla danego kontrahenta nie zdefiniowano domyślnego numeru rachunku bankowego. Zwrot ten występuje:
- gdy na dokumencie wybrana jest forma płatności Przelew, a dla wybranego kontrahenta nie ma przypisanego domyślne...",c5e1616fc8472ac8c4ff586e71396619c3152e191388599e9527801a47301f3f,1511,,,promoted_knowledge_draft,pl,Ogólne
BD_PROMOTED_DRAFT_2026_07_22_8BBE6DFB_PODRECZNIK_1,Podręcznik,"External source discovered via Exa query: Wyjasnij proces faktury i jego skutki VAT
Title: Podręcznik
URL: https://ksef.podatki.gov.pl/media/3zidazbw/podrecznik-ksef-2-0-cz-ii-wystawianie-i-otrzymywane-faktur-w-ksef.pdf
Tier: official
Summary:
Wyjaśnienie procesu faktury w KSeF i jego skutków podatkowych (VAT):
- Wysyłka faktury do KSeF:
- Po dodaniu pliku XML do KSeF system weryfikuje strukturę faktury (od 1 lutego 2026 obowiązuje struktura FA(3) dla faktur ustrukturyzowanych).
- Jeśli XML zawiera błędy lub brakuje wymaganych pól, plik zostanie odrzucony i nie nadany zostanie numer KSeF. Konieczna jest ponowna wysyłka po poprawie danych.
- Po zaakceptowaniu pliku KSeF nadaje unikalny identyfikator (numer identyfikacyjny faktury) i faktura wchodzi do obrotu prawnego.
- Edycja i korekty:
- Po wysłaniu pliku i nadaniu numeru identyfikacyjnego nie ma możliwości edytowania wystawionej faktury w KSeF.
- Od 1 lutego 2026 r. przepisy dotyczące not korygujących będą uchylone. W praktyce korekty będą dokonywane wyłącznie poprzez wystawienie faktury korygującej w KSeF.
- Jeśli po identyfikacji błędów w fakturze wystąpi konieczność po...

Operator notes:
Automatyczny draft utworzony z odpowiedzi fallback KB-first. Sprawdź przed promocją.
This draft came from external search and requires review before promotion into a KB.","External source discovered via Exa query: Wyjasnij proces faktury i jego skutki VAT
Title: Podręcznik
URL: https://ksef.podatki.gov.pl/media/3zidazbw/podrecznik-ksef-2-0-cz-ii-wystawianie-i-otrzymywane-faktur-w-ksef.pdf
Tier: official
Summary:
Wyjaśnienie procesu faktury w KSeF i jego skutków podatkowych (VAT):
- Wysyłka faktury do KSeF:
- Po dodaniu pliku XML do KSeF system weryfikuje strukturę faktury (od 1 lutego 2026 obowiązuje struktura FA(3) dla faktur ustrukturyzowanych).
- Jeśli XML zawiera błędy lub brakuje wymaganych pól, plik zostanie odrzucony i nie nadany zostanie numer KSeF. Konieczna jest ponowna wysyłka po poprawie danych.
- Po zaakceptowaniu pliku KSeF nadaje unikalny identyfikator (numer identyfikacyjny faktury) i faktura wchodzi do obrotu prawnego.
- Edycja i korekty:...",a5c583d329246a4d5d21a24e24b205a463a70c13e6869f931f81012dcdfe7928,1331,,,promoted_knowledge_draft,pl,Ogólne
BD_PROMOTED_DRAFT_2026_08_28_542B7FF6_ZESTAWY_PROMOCYJNE_BAZA_WIEDZY_PROGRAMU_COMARCH_ERP_OPTIMA_1,Zestawy promocyjne – Baza Wiedzy programu Comarch ERP Optima (1/2),"Zestawy Promocyjne pozwalają podczas sprzedaży towaru głównego lub usługi objętej promocją zaoferować klientowi pakiet dodatkowych towarów i usług w obniżonej cenie. Po wybraniu zestawu program dodaje jego elementy w ustalonych ilościach, jednostkach i cenach.

Zestaw można dodać do Rezerwacji Odbiorcy, Faktury Pro Forma, Faktury Sprzedaży, Paragonu i Wydania Zewnętrznego. Na pustym dokumencie lub bez wskazanej pozycji lista pokazuje promocje aktywne w bieżącym momencie; filtr pozwala wybrać zestaw obowiązujący w innym okresie. Gdy kursor wskazuje towar na dokumencie, program ogranicza listę aktualnych promocji do tego towaru, a po wyborze usuwa wskazaną pozycję i dodaje cały zestaw na końcu listy. Wskazanie elementu dodanego wcześniej zestawu nie ogranicza listy do tego towaru.

Kolumna Kod zestawu identyfikuje pozycje pakietu, a symbol [v] oznacza towar główny. Dla każdego elementu można zmienić kategorię, PKWiU i stawkę VAT. Dla towaru głównego można też zmienić ilość i magazyn. Zmiana ilości towaru głównego przelicza ilości pozostałych elementów. Zmiana jego magazynu obejmuje cały pakiet, ponieważ wszystkie elementy zestawu muszą pochodzić z jednego magazynu. Nazwę i opis pozycji można edytować zgodnie z ustawieniem na karcie towaru.

Rabat z nagłówka dokumentu ani rabaty z menu Ogólne/Rabaty nie zmieniają ceny zestawu. Program nie agreguje zestawów: po wielokrotnym dodaniu tego samego zestawu każdy z nich przechodzi osobno na dokument docelowy. Cały zestaw usuwa się z pozycji towaru głównego; pojedynczych elementów nie można usuwać.","Zestawy Promocyjne pozwalają podczas sprzedaży towaru głównego lub usługi objętej promocją zaoferować klientowi pakiet dodatkowych towarów i usług w obniżonej cenie. Po wybraniu zestawu program dodaje jego elementy w ustalonych ilościach, jednostkach i cenach.

Zestaw można dodać do Rezerwacji Odbiorcy, Faktury Pro Forma, Faktury Sprzedaży, Paragonu i Wydania Zewnętrznego. Na pustym dokumencie lub bez wskazanej pozycji lista pokazuje promocje aktywne w bieżącym momencie; filtr pozwala wybrać zestaw obowiązujący w innym okresie. Gdy kursor wskazuje towar na dokumencie, program ogranicza listę aktualnych promocji do tego towaru, a po wyborze usuwa wskazaną pozycję i dodaje cały zestaw na końcu listy. Wskazanie elementu dodanego wcześniej zestawu nie ogranicza listy do tego towaru.

Kolumn...",0203f1df2251b2aae3cb536f40d39505df6377c78b4c06dcef22dce26141b337,1563,,,promoted_knowledge_draft,pl,Handel
BD_PROMOTED_DRAFT_2026_08_28_542B7FF6_ZESTAWY_PROMOCYJNE_BAZA_WIEDZY_PROGRAMU_COMARCH_ERP_OPTIMA_2,Zestawy promocyjne – Baza Wiedzy programu Comarch ERP Optima (2/2),"Brak jednego z elementów może zablokować dodanie lub zapis zestawu, zależnie od ustawienia kontroli ilości. Dokument WZ albo FS/PA z pobraniem wymaga usunięcia całego niekompletnego zestawu. Przy konwersji RO/PF z pobieraniem ilości dostępnej program nie przenosi niekompletnego zestawu na dokument docelowy. Na korektach kolumna Kod zestawu wskazuje pochodzenie pozycji, a elementy koryguje się tak jak pozostałe towary.","Brak jednego z elementów może zablokować dodanie lub zapis zestawu, zależnie od ustawienia kontroli ilości. Dokument WZ albo FS/PA z pobraniem wymaga usunięcia całego niekompletnego zestawu. Przy konwersji RO/PF z pobieraniem ilości dostępnej program nie przenosi niekompletnego zestawu na dokument docelowy. Na korektach kolumna Kod zestawu wskazuje pochodzenie pozycji, a elementy koryguje się tak jak pozostałe towary.",8edffb6d85b6b4f7b9d3d53207db88edd33d1a33715a9e766d7a0a70b47e3bae,421,,,promoted_knowledge_draft,pl,Handel
